-0.000,96.800,0.000,0.000,-0.000,0.000,-0.000,0.000,0.000,0.000,-0.000,0.000,0.000,-0.000,0.000,0.000,-0.000,0.000,0.000,-0.000,0.000,-0.000,-0.000,90.000,0.000,-0.000,0.000,0.000,-0.000,0.000,-0.000,-0.000,-0.000,0.000,-0.000,0.000,0.000,-0.000,0.000,-0.000,0.000,270.000,0.000,0.000,0.000,0.000,-0.000,0.000,0.000,-0.000,0.000,0.000,0.000,0.000,0.000,-0.000,0.000,0.000,-0.000,0.000
-142.737,96.208,199.033,79.781,1.460,356.531,1.802,15.330,359.853,1.802,15.330,359.853,352.133,343.239,2.688,353.427,348.656,281.234,0.545,345.754,356.395,1.593,357.692,86.264,12.136,351.782,354.029,12.136,351.782,354.029,2.823,0.176,337.001,23.735,331.346,99.420,9.964,3.005,2.053,3.000,343.169,271.811,18.916,343.508,3.792,14.804,9.988,9.699,346.016,359.084,352.004,4.220,347.176,357.253,349.926,15.701,345.417,6.602,0.528,16.216
-142.737,96.208,199.033,79.781,1.460,356.531,1.802,15.330,359.853,1.802,15.330,359.853,352.133,343.239,2.688,353.427,348.656,281.234,0.545,345.754,356.395,1.593,357.692,86.264,12.136,351.782,354.029,12.136,351.782,354.029,2.823,0.176,337.001,23.735,331.346,99.420,9.964,3.005,2.053,3.000,343.169,271.811,18.916,343.508,3.792,14.804,9.988,9.699,346.016,359.084,352.004,4.220,347.176,357.253,349.926,15.701,345.417,6.602,0.528,16.216
-142.813,96.201,199.109,79.823,1.427,356.589,1.809,15.279,359.835,1.809,15.279,359.835,352.152,343.298,2.626,353.596,348.788,281.202,359.906,345.570,356.047,1.604,357.590,86.505,12.087,351.809,354.024,12.087,351.809,354.024,2.814,0.213,337.009,23.864,331.450,99.974,10.069,3.137,1.914,3.087,343.232,272.336,18.741,343.642,3.825,14.897,9.761,9.636,346.002,359.259,351.944,4.529,347.661,357.298,349.661,15.930,345.255,6.577,0.201,16.312
-143.073,96.171,199.332,79.895,1.406,356.705,1.848,15.149,359.810,1.848,15.149,359.810,352.281,343.305,2.430,354.131,349.228,280.986,359.137,345.918,355.730,1.011,356.968,86.454,11.953,351.899,354.003,11.953,351.899,354.003,2.758,0.276,337.027,24.041,331.583,100.378,10.135,3.534,2.269,3.106,343.333,272.547,18.458,343.888,3.871,15.002,9.006,9.499,345.965,359.875,351.731,5.051,348.576,357.413,349.071,16.711,344.924,6.424,359.288,16.459
-143.140,96.202,199.644,79.935,1.599,356.973,1.913,14.765,359.775,1.913,14.765,359.775,352.382,343.560,2.102,354.735,349.707,280.567,358.293,345.969,355.156,359.887,355.875,86.357,11.727,352.168,353.917,11.727,352.168,353.917,2.712,0.259,336.932,24.526,331.839,100.768,10.025,5.198,2.870,2.987,342.960,272.945,18.229,344.345,3.854,15.236,7.839,9.151,345.767,0.572,351.419,5.665,349.796,357.563,347.881,16.181,344.532,6.257,358.579,16.477
-143.322,96.167,200.066,79.745,1.971,357.239,2.246,14.114,359.827,2.246,14.114,359.827,352.326,343.946,1.542,355.739,350.387,279.410,357.460,345.921,355.018,359.006,355.709,86.982,11.406,352.601,353.949,11.406,352.601,353.949,2.308,0.458,336.850,25.594,331.922,100.562,9.728,6.677,3.001,2.194,344.576,274.487,18.421,344.676,3.796,15.274,6.299,8.695,345.473,1.566,350.864,6.077,351.471,357.847,346.786,15.129,344.565,5.707,357.611,15.984
-143.573,96.114,200.418,79.435,2.343,357.468,2.512,13.551,359.890,2.512,13.551,359.890,352.301,344.336,1.071,356.403,350.840,278.560,357.355,345.986,355.080,358.346,355.495,87.296,11.241,352.967,353.876,11.241,352.967,353.876,2.086,0.455,336.730,26.066,332.331,100.483,9.597,8.026,2.807,1.781,345.040,275.212,18.687,344.704,3.695,15.397,5.286,8.413,345.281,2.286,350.505,6.200,351.981,357.723,346.717,14.465,344.891,5.416,357.578,15.075
-143.887,96.009,200.821,79.076,2.590,357.778,2.797,13.052,359.896,2.797,13.052,359.896,352.182,344.702,0.689,356.996,351.339,277.670,357.798,345.794,355.044,357.702,355.319,87.601,11.117,353.367,353.858,11.117,353.367,353.858,1.739,0.710,336.644,26.365,332.383,100.248,9.219,8.222,2.691,1.733,346.130,275.195,18.667,344.895,3.744,15.763,4.310,8.101,345.202,3.008,350.133,6.215,352.816,357.549,346.843,13.249,345.212,5.198,357.967,13.962
-144.361,95.810,201.474,78.608,2.703,358.136,2.960,12.658,359.871,2.960,12.658,359.871,352.279,344.873,0.205,357.660,352.022,276.607,358.134,345.979,355.514,357.523,355.296,87.608,11.174,353.699,353.750,11.174,353.699,353.750,1.510,0.742,336.546,26.608,332.594,100.092,8.803,8.087,2.429,2.063,346.285,274.595,18.622,345.048,3.699,16.195,3.281,8.100,345.175,3.903,349.607,6.478,353.516,357.393,346.964,11.879,345.711,5.408,359.565,11.804
-144.798,95.964,202.200,78.137,2.552,358.819,2.954,12.310,359.715,2.954,12.310,359.715,352.404,345.280,359.522,358.140,352.704,275.745,359.317,345.913,355.763,357.358,355.638,87.276,11.291,354.098,353.533,11.291,354.098,353.533,1.251,0.968,336.404,26.603,332.389,99.984,8.079,7.271,1.782,3.080,346.069,272.327,18.569,345.601,3.609,16.804,2.282,8.081,345.035,4.768,348.931,6.896,355.011,357.111,347.959,9.764,346.980,5.612,359.297,11.270
-145.074,96.250,202.891,78.025,2.375,359.332,2.792,12.058,359.576,2.792,12.058,359.576,352.410,345.577,359.112,358.558,353.346,275.025,359.881,346.007,356.323,358.192,355.969,86.419,11.342,354.360,353.409,11.342,354.360,353.409,0.888,0.942,336.511,26.492,332.122,99.942,7.326,7.011,1.412,3.698,345.818,270.879,18.559,345.982,3.510,16.959,1.624,8.236,344.933,5.406,348.338,6.709,355.825,356.923,349.554,8.203,348.470,4.611,358.635,11.565
-145.507,96.418,204.110,77.926,2.100,0.134,2.581,11.774,359.287,2.581,11.774,359.287,352.450,345.936,358.793,359.146,354.067,274.167,1.083,346.073,356.763,358.147,356.335,85.485,11.301,354.693,353.338,11.301,354.693,353.338,0.517,0.982,336.679,26.338,332.047,99.823,6.871,5.965,0.443,3.702,345.515,269.662,18.743,346.156,3.411,16.933,1.250,8.545,344.736,6.211,347.383,6.578,356.567,356.798,350.228,7.286,349.328,4.070,357.319,11.373
-146.022,96.528,205.163,77.905,1.873,0.562,2.397,11.513,359.178,2.397,11.513,359.178,352.523,346.201,358.582,359.852,354.788,273.362,1.760,346.187,356.999,357.803,356.247,85.052,11.325,355.115,353.302,11.325,355.115,353.302,0.240,0.871,336.817,26.074,332.191,99.554,6.372,5.508,0.358,3.343,344.613,269.440,18.761,345.750,3.386,16.784,1.684,9.393,344.789,6.504,346.463,6.358,357.362,357.069,349.928,6.015,350.402,4.147,356.816,9.770
-146.513,96.621,206.006,77.954,1.567,0.973,2.219,11.340,359.105,2.219,11.340,359.105,352.639,346.539,358.385,0.680,355.589,272.256,1.592,346.491,357.473,357.492,356.181,84.955,11.308,355.510,353.250,11.308,355.510,353.250,0.087,0.883,336.793,25.872,332.459,99.255,6.299,4.425,359.965,2.805,344.536,270.144,18.672,344.370,3.563,16.956,3.770,10.320,344.666,6.147,345.855,5.774,357.957,357.244,349.733,5.189,350.919,4.299,356.099,8.588
-147.465,96.597,206.996,78.083,1.053,1.286,2.045,11.336,359.120,2.045,11.336,359.120,352.735,346.728,358.226,1.266,356.354,271.414,1.357,346.619,357.515,357.087,356.066,84.968,11.347,355.799,353.168,11.347,355.799,353.168,359.943,0.620,336.783,25.792,333.075,98.597,6.326,3.803,0.226,2.396,344.190,270.640,18.669,342.766,3.817,17.159,6.712,11.467,344.409,5.299,345.343,5.120,358.568,357.708,349.835,4.671,351.482,4.538,355.051,7.067
-148.338,96.688,207.691,78.407,359.931,1.322,1.912,11.748,359.391,1.912,11.748,359.391,352.816,346.720,357.876,1.960,357.348,270.321,0.367,347.032,357.402,351.783,353.400,90.345,11.335,355.892,352.996,11.335,355.892,352.996,359.770,0.312,336.638,26.004,333.802,97.354,6.516,2.488,0.173,1.785,343.438,271.453,17.869,339.648,4.463,17.764,13.125,13.858,344.457,3.113,344.867,5.337,359.496,358.346,350.493,4.847,352.202,3.845,354.568,6.012
-149.943,96.705,208.948,78.864,358.578,0.829,1.879,12.399,359.912,1.879,12.399,359.912,352.865,346.412,357.457,2.412,358.058,269.750,358.347,346.877,357.760,349.532,351.760,94.061,11.254,355.823,352.885,11.254,355.823,352.885,359.546,0.054,336.609,26.191,334.415,96.114,6.432,1.787,0.195,1.208,342.462,271.907,15.486,336.602,7.294,18.616,19.111,14.427,344.227,2.830,345.259,6.710,0.425,359.550,349.232,5.193,352.948,3.568,354.561,4.916
-150.027,96.888,209.836,79.508,357.311,0.238,1.969,13.108,0.414,1.969,13.108,0.414,352.593,345.917,357.249,3.692,358.529,269.295,356.339,347.199,358.126,348.639,351.473,96.865,10.983,355.611,353.011,10.983,355.611,353.011,358.986,359.912,336.757,25.903,334.833,94.742,6.083,1.251,0.568,0.693,342.028,272.246,14.853,335.714,9.090,17.089,22.429,14.223,343.984,3.044,345.832,6.856,1.555,0.818,348.477,5.124,353.263,3.721,354.621,4.248
-150.147,96.906,210.063,80.479,356.180,0.285,1.768,13.590,0.407,1.768,13.590,0.407,352.875,345.481,357.528,5.003,358.622,269.385,354.645,346.822,357.665,349.170,351.625,97.762,10.686,355.839,353.555,10.686,355.839,353.555,358.699,0.095,337.417,24.853,335.394,93.843,4.009,0.302,359.732,359.987,341.466,272.530,15.955,335.785,9.192,13.877,23.594,13.260,343.017,2.910,346.479,5.996,2.569,1.565,348.421,5.068,353.307,3.715,354.828,3.615
-150.465,97.156,209.979,80.777,356.068,1.013,1.655,13.223,0.056,1.655,13.223,0.056,353.356,345.714,357.761,5.833,358.395,269.944,355.106,345.929,356.211,349.824,352.330,96.789,10.539,356.509,354.179,10.539,356.509,354.179,358.714,0.629,337.630,22.818,336.398,94.744,2.559,0.428,358.624,359.205,341.590,272.572,16.497,336.417,8.327,11.994,22.533,11.950,342.519,2.612,346.657,5.730,2.619,1.686,348.308,5.072,352.846,3.715,355.046,3.314
-150.517,97.317,210.592,80.869,356.189,2.078,1.503,12.494,359.703,1.503,12.494,359.703,354.139,346.337,357.598,5.656,358.400,270.336,355.678,344.639,355.323,351.462,351.753,93.689,10.508,357.345,354.434,10.508,357.345,354.434,359.065,1.068,337.338,20.731,338.176,96.440,0.980,359.042,357.646,358.131,342.331,271.878,16.419,337.412,6.770,11.476,19.466,11.423,342.315,2.840,345.936,5.584,2.631,1.143,348.302,4.931,352.451,3.679,355.237,3.208
-150.437,97.406,211.123,81.039,356.464,2.790,1.782,11.720,359.643,1.782,11.720,359.643,354.359,346.757,357.436,4.414,358.207,271.309,356.786,344.750,355.072,354.572,351.178,88.594,10.135,357.976,354.556,10.135,357.976,354.556,358.670,1.435,336.872,17.962,341.232,99.009,1.014,358.423,357.155,357.569,342.665,271.502,15.178,338.298,5.571,13.161,15.377,11.924,341.744,3.104,345.101,5.448,2.573,0.808,348.355,4.628,352.231,3.575,355.558,3.070
-150.506,97.478,211.313,81.516,356.922,3.097,1.907,11.212,359.676,1.907,11.212,359.676,354.061,346.962,357.303,3.522,358.108,271.797,357.150,345.616,355.696,356.951,351.878,85.207,9.810,358.129,354.555,9.810,358.129,354.555,358.441,1.325,336.627,17.243,343.492,99.915,0.897,357.670,357.476,357.340,342.457,273.111,13.809,339.122,4.643,14.988,10.570,12.135,340.744,4.009,343.303,5.259,2.213,0.538,348.142,4.423,352.277,3.529,355.770,2.961
-150.429,97.496,211.491,82.088,357.408,2.909,1.977,10.673,359.895,1.977,10.673,359.895,354.028,347.054,357.390,3.088,358.052,271.902,357.934,346.801,355.951,358.979,353.543,84.088,9.616,358.139,354.596,9.616,358.139,354.596,358.510,1.567,336.730,18.102,346.153,99.546,1.960,357.951,357.889,356.872,342.664,275.599,12.804,340.197,4.338,15.937,5.561,11.558,339.377,5.094,339.765,5.232,2.227,0.581,347.739,3.677,352.824,3.545,356.109,2.658
-150.305,97.522,211.712,82.476,357.658,2.336,1.799,10.260,0.242,1.799,10.260,0.242,354.416,347.304,357.439,3.628,358.033,271.424,358.677,347.682,356.215,359.242,353.772,84.298,9.752,358.287,354.629,9.752,358.287,354.629,358.911,2.128,336.902,19.209,347.125,98.709,2.309,359.040,358.088,356.460,344.341,278.081,12.887,341.510,4.043,15.317,1.743,11.288,337.235,4.837,336.042,5.323,2.509,0.977,347.982,2.473,353.846,3.151,357.220,1.969
-150.423,97.527,212.227,82.784,357.842,1.510,1.565,9.871,0.697,1.565,9.871,0.697,354.822,347.415,357.702,4.208,358.491,270.591,359.156,347.878,356.339,359.289,353.800,84.441,10.003,358.578,354.749,10.003,358.578,354.749,359.293,2.709,337.576,20.361,347.820,97.365,2.386,1.118,358.041,356.794,344.326,279.460,13.390,342.323,4.021,13.058,358.802,11.047,334.267,6.451,335.280,5.692,2.933,1.694,348.491,1.414,354.780,2.337,358.190,1.528
-150.342,97.502,212.779,83.496,357.860,0.613,1.390,9.686,1.004,1.390,9.686,1.004,354.432,346.801,358.389,5.012,359.772,269.949,359.879,348.341,356.003,358.752,353.206,83.997,10.014,358.925,355.119,10.014,358.925,355.119,358.656,2.980,338.904,20.423,347.872,96.131,1.942,2.150,358.531,356.977,344.777,279.922,14.396,343.730,4.342,10.881,355.190,10.313,334.578,11.061,335.814,6.659,3.123,2.418,349.035,0.887,355.866,0.436,359.054,1.928
-150.661,97.491,213.105,83.911,357.967,0.603,1.353,9.829,0.784,1.353,9.829,0.784,353.563,346.250,359.483,5.402,0.374,269.683,0.109,348.807,355.619,357.740,352.347,83.815,9.878,358.979,355.439,9.878,358.979,355.439,357.744,2.461,340.576,19.277,347.816,95.318,1.433,2.001,359.040,357.141,344.679,279.364,15.253,343.209,4.366,11.633,355.907,10.391,335.073,10.567,335.839,7.427,2.925,2.311,348.681,1.004,356.317,359.577,358.985,2.898
-150.783,97.405,213.333,84.226,358.147,0.704,1.358,9.913,0.441,1.358,9.913,0.441,352.824,346.206,0.638,5.196,0.949,269.445,359.446,348.379,355.716,356.572,351.164,83.580,9.764,358.718,355.970,9.764,358.718,355.970,357.261,2.034,341.661,16.680,347.764,95.867,1.530,2.711,359.311,357.764,343.363,278.061,15.283,340.538,4.178,12.307,-0.001,11.113,334.379,9.103,336.705,7.718,2.872,2.102,348.744,0.926,356.571,358.778,358.508,4.729
-150.949,97.337,213.686,84.815,358.240,0.937,1.253,10.048,0.224,1.253,10.048,0.224,352.809,346.255,1.388,4.706,1.163,269.500,358.457,346.793,355.504,356.198,349.470,83.014,9.643,358.276,356.286,9.643,358.276,356.286,357.664,1.724,341.732,14.821,348.181,96.453,3.617,1.989,0.594,358.674,342.519,275.968,14.716,337.477,3.883,11.762,7.103,11.782,336.396,7.206,339.029,7.305,2.902,1.918,349.423,0.831,356.491,357.890,357.876,6.491
-151.130,97.381,213.816,84.769,357.971,1.278,1.493,10.342,0.248,1.493,10.342,0.248,353.202,346.141,1.135,4.708,1.270,270.151,357.135,345.159,354.574,355.990,349.647,83.521,9.453,358.051,356.093,9.453,358.051,356.093,358.208,1.658,341.044,16.035,348.264,95.658,5.504,0.502,1.584,0.636,341.591,275.504,14.558,335.396,3.707,11.116,12.475,11.917,338.990,6.241,339.946,7.088,3.157,1.643,349.886,0.931,356.255,357.664,357.215,7.929
-151.188,97.442,213.898,83.759,357.462,1.592,2.136,10.978,0.606,2.136,10.978,0.606,354.223,345.802,0.082,4.537,1.053,270.655,355.770,345.610,353.965,354.999,349.927,85.391,9.331,357.803,355.430,9.331,357.803,355.430,359.250,1.251,339.444,17.256,348.513,94.759,8.610,0.734,2.147,0.853,340.049,275.514,14.931,334.418,3.607,11.282,16.902,12.120,339.678,5.233,341.502,7.577,3.552,1.456,350.352,1.259,355.875,357.582,356.689,8.962
-151.128,97.452,213.926,82.568,357.056,1.725,2.846,11.629,1.133,2.846,11.629,1.133,354.778,345.307,359.022,4.827,1.187,271.139,353.426,346.257,353.693,354.567,349.478,87.483,9.347,357.558,354.556,9.347,357.558,354.556,359.661,0.677,337.887,18.577,348.660,93.541,11.088,0.848,2.714,3.046,340.696,274.925,14.401,333.403,3.946,12.857,22.183,12.881,340.267,2.720,342.986,7.903,3.771,1.365,351.004,1.755,355.571,357.570,356.106,9.880
-150.745,97.418,213.679,80.794,356.663,1.776,3.687,12.538,1.532,3.687,12.538,1.532,355.069,344.781,358.477,6.174,2.616,271.695,349.592,346.164,352.365,353.306,348.834,89.867,9.553,357.092,353.732,9.552,357.092,353.732,0.003,359.854,336.862,19.046,348.588,91.641,15.345,1.929,4.009,3.317,340.287,273.428,13.305,331.664,4.665,15.897,27.593,14.631,341.434,2.054,343.762,8.231,4.030,1.152,352.049,2.571,355.201,357.668,355.466,10.803
-150.249,97.402,213.425,80.246,356.704,1.771,3.747,12.982,1.608,3.747,12.982,1.608,355.046,344.700,358.841,7.537,3.766,271.757,346.679,345.662,350.686,351.466,348.800,91.791,9.975,356.807,353.326,9.975,356.807,353.326,0.251,359.250,336.786,18.705,348.440,90.685,17.671,2.077,5.060,4.917,340.062,271.844,12.877,330.513,4.610,16.842,31.560,15.790,342.537,0.539,344.617,8.140,4.140,1.002,352.445,2.858,354.995,357.681,355.033,11.156
-149.374,97.343,212.937,79.898,356.971,1.658,3.612,13.459,1.625,3.612,13.459,1.625,354.819,344.127,359.560,9.390,6.612,271.850,342.901,346.830,349.144,350.266,349.288,92.683,10.487,356.209,352.995,10.487,356.209,352.995,0.167,358.473,337.023,17.979,348.034,89.750,20.782,2.018,6.889,6.050,339.741,269.762,12.129,328.889,4.274,17.451,35.026,17.086,342.845,359.603,344.957,8.287,4.388,0.814,352.602,2.978,354.756,357.432,354.560,11.296
-148.554,97.255,212.367,79.637,357.404,1.438,3.602,13.700,1.656,3.602,13.700,1.656,353.990,344.377,0.467,10.374,8.127,271.421,340.772,347.366,348.749,350.085,349.999,92.351,10.765,355.756,352.849,10.765,355.756,352.849,0.041,357.752,337.223,17.563,348.117,89.452,24.083,2.114,8.205,7.613,339.650,267.330,11.364,327.628,3.890,17.887,37.168,17.998,342.586,358.616,344.958,8.595,4.395,0.684,352.541,2.924,354.779,357.336,354.445,10.910
-147.687,97.171,211.759,79.357,357.951,1.257,3.455,14.152,1.593,3.455,14.152,1.593,353.816,344.071,1.033,10.683,10.446,271.096,338.940,347.647,348.568,349.732,349.837,91.793,11.124,354.993,352.661,11.124,354.993,352.661,0.204,356.669,337.356,17.221,348.567,89.285,27.145,2.629,9.215,8.613,339.493,265.607,10.638,326.651,3.766,17.752,39.250,17.930,343.388,357.490,345.337,8.682,4.559,0.372,352.772,2.659,354.960,357.254,354.313,10.589
-146.393,97.011,211.013,78.854,358.872,0.940,3.525,14.329,1.565,3.525,14.329,1.565,353.361,344.465,1.445,11.431,11.416,270.673,338.225,347.604,348.513,349.987,349.702,90.875,11.438,354.266,352.517,11.438,354.266,352.517,0.126,356.459,337.424,17.262,348.311,89.043,30.502,2.387,10.642,9.922,339.194,263.901,10.077,325.404,3.881,18.332,40.497,18.157,343.383,356.874,345.288,8.783,4.259,0.178,353.041,2.654,354.903,357.255,354.017,10.342
-144.796,96.798,210.123,78.270,359.775,0.574,3.557,15.079,1.400,3.557,15.079,1.400,353.077,344.196,1.816,12.438,14.012,270.077,337.769,347.581,348.843,350.707,349.424,88.811,11.861,352.935,352.268,11.861,352.935,352.268,0.061,356.146,337.397,17.311,347.677,89.093,34.630,2.246,12.213,11.425,339.459,262.565,9.078,323.935,3.786,19.324,42.134,18.699,343.812,355.958,345.734,8.502,4.118,359.843,353.277,2.708,354.779,357.252,353.709,10.053
-143.339,96.622,209.193,77.782,0.482,0.142,3.775,15.865,1.308,3.775,15.865,1.308,352.315,344.524,2.022,13.443,14.339,269.653,337.922,347.600,349.448,351.276,349.265,87.347,12.056,351.662,352.058,12.056,351.662,352.058,359.901,355.291,337.476,17.538,347.238,89.319,38.520,2.372,13.976,12.945,339.490,261.461,8.479,322.727,4.038,19.121,43.015,18.333,344.090,355.485,346.159,7.568,4.255,359.380,353.786,2.933,354.730,357.722,352.914,10.263
-141.069,96.251,207.905,77.418,1.591,359.478,4.026,17.395,1.080,4.026,17.395,1.080,351.292,343.516,2.733,14.321,16.517,268.724,338.275,347.218,350.845,352.340,348.866,84.908,12.166,349.462,351.730,12.166,349.462,351.730,359.489,354.103,337.682,18.277,346.018,89.732,43.439,1.981,15.480,14.999,340.256,260.924,6.767,320.218,5.106,18.958,44.354,17.309,344.569,354.583,346.098,6.881,4.081,359.161,354.204,3.206,354.561,357.976,352.051,9.902
-139.193,95.867,207.051,77.352,2.263,359.076,4.123,18.488,0.901,4.123,18.488,0.901,350.142,344.323,2.952,15.105,16.262,268.241,338.399,346.540,351.673,353.369,348.575,83.267,12.209,348.019,351.560,12.209,348.019,351.560,359.390,353.220,337.844,18.882,345.250,89.815,48.181,1.518,18.160,15.486,340.732,258.885,5.991,318.311,5.778,20.121,45.026,17.947,344.662,353.735,346.098,6.683,4.624,358.759,354.218,2.966,354.780,358.176,351.251,9.874
-137.292,95.414,206.241,77.658,3.066,358.499,4.122,20.170,0.741,4.122,20.170,0.741,349.069,343.136,3.658,15.441,17.107,268.022,339.505,346.093,352.240,354.277,348.510,81.422,12.213,345.934,351.248,12.213,345.934,351.248,359.342,351.392,338.009,19.781,344.250,89.805,52.435,0.905,19.833,16.494,341.301,258.054,5.889,315.555,6.144,21.173,45.848,19.253,345.523,352.928,346.569,6.700,4.689,358.820,353.627,3.579,354.305,358.319,349.854,10.389
-135.577,94.931,205.528,77.985,3.640,358.125,4.141,21.741,0.633,4.141,21.741,0.633,347.954,342.369,4.080,15.261,19.484,268.152,337.825,345.909,352.387,354.622,348.159,79.890,12.174,344.251,350.831,12.174,344.251,350.831,359.197,351.028,337.550,21.374,342.679,89.729,57.338,0.120,20.757,17.608,342.953,258.543,6.193,313.322,6.295,22.884,45.524,20.619,345.461,352.939,346.941,6.708,5.491,358.681,353.011,3.471,354.102,358.425,348.568,10.431
-132.305,93.840,204.171,78.223,5.309,357.693,4.099,24.038,0.430,4.099,24.038,0.430,346.322,341.465,4.372,15.747,20.096,268.956,336.947,346.162,351.767,353.762,348.321,77.425,12.246,341.486,350.033,12.246,341.486,350.033,359.315,349.768,335.642,22.285,339.292,90.091,63.916,359.726,23.749,17.464,344.696,257.200,7.765,309.005,5.775,24.548,45.975,22.290,346.180,352.207,346.537,6.361,5.548,358.427,352.166,3.938,352.949,358.695,345.944,11.468
-129.901,93.018,203.031,78.118,7.147,357.531,4.255,24.733,0.262,4.255,24.733,0.262,345.450,341.143,4.073,15.618,22.933,270.248,333.344,345.755,351.328,354.154,348.876,76.556,12.088,340.396,349.501,12.088,340.396,349.501,359.291,349.481,334.449,24.734,337.908,89.506,67.425,358.871,23.687,17.963,346.329,258.725,10.016,306.092,4.051,25.626,46.190,23.475,345.457,352.488,346.181,6.234,5.976,357.449,351.502,3.228,352.676,358.846,344.736,12.766
-124.395,91.198,200.812,77.689,10.610,357.142,4.527,25.018,359.954,4.527,25.018,359.954,345.147,341.056,3.602,16.873,23.447,271.985,330.565,344.839,350.963,354.892,348.316,76.692,11.778,340.064,349.018,11.778,340.064,349.018,0.135,349.581,332.686,26.060,336.131,88.402,69.931,359.069,24.562,17.304,347.705,259.509,15.822,302.597,358.492,25.713,48.376,24.453,344.675,354.614,344.981,5.680,5.105,356.124,350.489,3.773,350.715,0.104,343.678,16.402
-119.318,90.675,199.392,77.526,12.481,356.752,4.467,24.989,359.826,4.467,24.989,359.826,345.790,340.942,3.226,19.518,24.464,273.812,327.800,344.464,349.091,354.668,348.111,78.342,12.004,339.807,348.865,12.004,339.807,348.865,1.120,349.705,331.939,27.431,337.225,87.323,70.800,359.517,23.743,16.138,348.304,259.754,17.271,303.087,357.925,26.005,51.776,22.356,342.060,354.899,349.413,4.580,4.817,355.028,349.624,4.533,349.367,3.015,347.024,18.332
-112.094,87.407,196.274,76.953,14.760,355.603,4.663,24.797,359.774,4.663,24.797,359.774,347.015,340.639,3.286,20.994,23.348,275.053,324.897,343.770,348.203,354.340,347.443,80.712,12.302,339.430,348.900,12.302,339.430,348.900,1.953,349.991,331.623,26.495,338.146,87.187,67.418,1.358,23.800,17.817,348.841,259.962,19.284,306.947,356.022,27.626,52.923,21.949,343.447,343.367,353.736,3.166,2.980,353.810,347.142,8.544,345.865,7.781,349.235,20.822
-103.205,87.426,192.295,77.305,16.044,354.593,4.410,24.756,0.048,4.410,24.756,0.048,348.174,340.592,3.436,22.407,20.928,275.777,322.867,343.297,347.303,353.773,346.873,82.187,12.773,339.144,349.002,12.773,339.144,349.002,3.060,350.325,331.468,24.655,340.965,88.026,63.036,3.104,22.671,15.406,346.768,259.876,19.370,309.546,354.367,25.121,51.434,20.290,346.418,339.539,357.374,1.670,359.686,353.495,344.709,14.972,340.931,12.911,2.594,18.085
-92.853,84.998,186.133,78.637,17.901,353.676,3.539,24.367,0.309,3.539,24.367,0.309,349.008,341.290,4.373,23.235,16.227,276.851,315.314,341.631,345.652,349.345,346.173,88.808,13.232,339.110,349.111,13.232,339.110,349.111,4.246,351.950,331.554,21.368,346.256,90.608,51.126,3.779,16.752,17.891,346.365,264.149,17.205,311.168,354.776,25.189,53.641,19.247,347.492,335.694,359.314,2.195,348.709,354.169,339.796,34.034,328.372,15.151,13.470,8.912
-92.864,86.325,184.247,80.664,17.645,354.380,1.816,24.660,359.901,1.816,24.660,359.901,350.568,340.691,5.389,23.180,10.586,280.317,311.701,339.846,343.112,347.219,345.020,91.841,13.695,339.085,349.273,13.695,339.085,349.273,4.892,352.507,331.783,19.496,349.683,92.866,42.704,2.569,12.027,14.092,342.315,263.368,18.577,316.929,352.863,21.206,53.890,15.760,347.630,333.676,359.599,0.795,343.666,355.449,338.955,46.896,320.589,10.465,14.965,6.351
-96.070,87.373,184.470,85.173,17.301,356.079,358.521,25.333,358.588,358.521,25.333,358.588,352.765,337.213,9.852,22.542,6.158,283.975,297.370,336.976,340.435,348.437,345.284,101.776,14.330,337.705,350.188,14.330,337.705,350.188,4.486,351.553,333.908,13.473,358.945,95.614,35.952,5.284,8.800,11.365,341.957,262.593,16.914,323.805,352.339,15.861,52.589,10.719,347.045,334.024,358.682,355.990,336.454,0.413,325.594,58.282,298.669,6.517,10.358,6.627
-104.083,88.727,186.362,88.754,17.050,356.504,356.382,25.393,358.439,356.382,25.393,358.439,353.718,336.128,12.561,22.664,0.222,286.752,291.110,333.829,337.404,346.359,349.165,106.398,14.797,337.338,350.859,14.797,337.338,350.859,4.361,351.795,335.147,8.912,6.329,94.868,29.863,3.002,9.117,10.033,339.229,263.471,15.303,330.409,353.526,10.465,50.170,6.366,345.809,335.088,357.646,349.977,329.403,8.133,311.474,60.788,278.697,4.529,4.769,5.012
-102.554,90.232,185.643,91.115,17.074,356.176,354.826,25.036,358.862,354.826,25.036,358.862,354.516,334.856,16.007,22.139,352.606,288.888,281.272,330.860,334.956,346.923,357.540,109.121,15.368,337.534,350.908,15.368,337.534,350.908,3.832,352.162,335.881,6.506,13.450,92.480,28.585,0.527,11.027,10.611,339.895,265.688,14.637,335.764,355.115,6.124,46.279,3.619,344.466,340.240,354.992,345.150,324.422,15.585,306.884,61.183,270.824,1.974,0.074,4.702
-91.528,91.603,183.131,92.915,16.535,354.766,352.729,24.051,359.851,352.729,24.051,359.851,357.434,334.994,17.425,19.327,347.192,290.001,272.011,329.667,335.799,348.406,5.959,108.187,16.807,339.268,350.507,16.807,339.268,350.507,3.732,352.797,335.975,2.998,24.057,89.283,28.243,2.450,10.508,10.800,341.741,265.051,12.534,346.920,358.568,3.837,34.488,2.292,340.805,348.734,351.090,341.577,316.888,26.346,312.751,62.086,277.628,358.944,358.493,3.813
-85.240,93.976,181.467,93.131,16.238,353.587,351.952,23.338,0.516,351.952,23.338,0.516,357.636,335.294,18.603,14.592,345.052,289.994,264.374,329.093,337.735,351.527,11.455,108.634,17.453,340.964,350.089,17.453,340.964,350.089,4.772,353.486,336.119,358.146,29.089,86.937,28.136,2.219,11.175,9.977,339.824,264.316,9.822,355.015,0.583,4.583,21.651,2.975,334.164,7.172,340.142,342.278,313.058,30.172,324.837,60.440,293.666,359.416,353.973,7.996
-73.636,93.468,177.432,93.109,16.615,352.217,351.827,22.502,1.017,351.827,22.502,1.017,356.505,336.920,19.500,11.142,344.058,288.545,260.955,329.775,337.066,351.756,15.296,105.603,17.851,342.206,350.435,17.851,342.206,350.435,5.745,355.143,338.785,352.060,32.263,83.681,29.631,358.394,11.915,9.525,340.930,263.957,6.288,4.006,1.576,10.803,7.288,5.405,320.245,23.363,317.422,342.707,310.961,32.475,339.677,48.365,314.721,2.913,359.286,10.346
-65.091,90.515,173.615,94.605,17.532,352.863,351.301,21.950,0.323,351.301,21.950,0.323,351.713,339.162,21.085,5.596,343.087,286.061,263.086,332.211,334.841,351.894,19.228,102.879,17.862,341.942,351.616,17.862,341.942,351.616,5.243,358.161,343.153,349.308,30.185,83.780,32.496,354.349,9.613,10.743,340.224,260.467,9.014,7.797,1.878,6.111,6.734,4.866,309.617,26.770,305.874,342.663,312.198,30.591,343.561,32.555,327.439,7.402,1.814,17.919
-58.244,88.003,172.173,94.861,17.797,354.878,351.094,22.058,358.474,351.094,22.058,358.474,347.849,339.209,21.523,2.176,344.037,284.676,273.202,333.185,331.061,353.248,18.672,105.156,17.137,340.775,352.417,17.137,340.775,352.417,3.846,357.232,346.078,352.100,26.171,86.964,31.247,352.745,7.657,11.298,337.697,257.617,8.552,4.778,1.591,5.759,20.532,4.225,316.093,25.677,309.820,341.395,315.567,28.324,348.932,25.938,336.987,8.695,6.885,18.878
-51.434,89.134,172.882,95.061,17.214,356.889,351.548,21.828,357.647,351.548,21.828,357.647,345.503,338.719,18.941,357.694,347.270,282.056,282.117,338.185,333.607,356.491,15.518,104.576,16.098,340.964,352.564,16.098,340.964,352.564,2.357,356.778,347.720,353.916,23.571,88.513,33.686,350.207,9.534,12.039,335.512,258.270,11.330,2.543,1.305,9.252,36.715,7.585,317.600,26.485,314.820,340.856,321.305,26.119,353.299,24.473,338.426,7.135,9.963,20.339
-43.717,91.994,174.389,96.730,15.076,359.153,352.842,20.782,357.985,352.842,20.782,357.985,347.005,342.367,15.488,356.627,349.983,272.151,299.685,353.493,337.936,351.229,7.179,95.956,14.240,343.103,352.850,14.240,343.103,352.850,0.556,357.926,347.688,358.230,20.226,91.307,37.930,348.975,8.821,14.373,335.224,261.465,16.214,358.991,1.572,17.213,62.785,21.978,324.866,22.800,324.706,342.284,330.817,19.538,2.495,30.073,343.588,4.800,356.021,5.718
-46.050,92.997,178.708,99.577,12.417,1.674,351.914,21.008,357.770,351.914,21.008,357.770,349.831,342.032,13.613,0.523,357.001,268.377,307.843,358.205,335.164,356.086,2.148,94.625,14.243,343.272,352.496,14.243,343.272,352.496,0.076,356.834,344.350,4.916,13.628,94.351,39.631,348.279,7.721,18.344,334.591,266.627,13.864,351.038,2.346,39.059,80.112,46.626,329.056,17.963,330.649,342.031,339.045,14.911,3.108,28.074,341.785,0.559,349.745,5.732
-54.066,94.160,184.243,97.421,11.835,357.627,355.028,21.744,0.688,355.028,21.744,0.688,350.738,339.958,10.993,5.256,10.594,271.324,312.814,357.105,332.310,350.585,0.761,89.216,13.697,342.293,351.124,13.697,342.293,351.124,359.226,354.363,339.015,6.427,8.075,96.089,50.525,352.574,12.046,19.352,331.875,263.616,13.014,337.108,4.572,149.080,80.976,157.207,335.544,12.342,339.651,346.655,343.254,16.042,357.551,28.802,340.037,0.954,347.494,6.754
-67.604,93.840,189.223,93.227,13.051,358.414,356.594,21.527,0.349,356.594,21.527,0.349,352.890,339.370,8.825,4.951,19.841,273.839,315.017,356.556,337.319,350.511,0.159,88.477,13.874,341.660,349.790,13.874,341.660,349.790,1.029,352.322,333.018,9.130,358.927,96.038,65.349,352.849,15.022,21.370,336.849,263.062,7.027,316.420,4.170,190.970,76.923,190.739,346.800,5.909,351.345,351.360,348.555,10.478,357.891,26.666,342.319,3.794,349.542,6.706
-58.334,94.939,186.116,92.055,15.261,358.576,356.701,20.184,0.679,356.701,20.184,0.679,355.800,340.249,6.182,2.737,30.018,274.996,313.842,352.659,341.801,353.384,354.947,85.329,14.669,342.193,349.162,14.669,342.193,349.162,3.504,351.029,327.981,10.604,355.527,96.451,82.441,352.591,20.093,22.635,341.163,260.017,6.316,306.858,3.583,217.067,85.852,217.308,346.728,4.024,352.081,352.759,351.679,6.060,359.346,21.772,345.692,7.787,0.441,4.758
-47.299,95.456,180.943,89.882,16.631,358.569,0.171,18.973,0.813,0.171,18.973,0.813,351.430,342.544,7.125,7.919,35.044,277.767,314.454,352.499,339.660,353.854,356.892,83.373,12.387,343.449,349.407,12.387,343.449,349.407,0.685,350.521,328.989,11.384,355.030,94.504,92.591,349.605,25.662,23.482,346.700,258.633,9.271,301.521,0.357,7.006,78.672,9.916,345.223,3.022,347.760,355.317,359.441,0.498,359.479,10.117,349.254,11.655,16.879,3.136
-33.673,94.803,175.385,88.775,17.975,358.303,3.237,17.851,1.144,3.237,17.851,1.144,346.417,346.069,8.298,13.868,36.846,280.384,315.810,352.895,338.585,352.971,0.130,78.595,9.790,344.792,349.907,9.790,344.792,349.907,359.589,350.332,332.706,12.432,357.130,89.452,101.428,347.791,29.296,27.573,351.770,261.990,2.187,300.895,4.120,16.940,51.302,18.870,338.742,0.838,341.825,356.667,3.758,356.747,353.580,2.079,352.082,16.898,45.421,8.603
-22.363,88.049,171.208,88.134,18.677,356.996,5.528,17.571,1.393,5.528,17.571,1.393,342.160,349.617,9.799,20.075,37.208,281.278,313.739,352.783,339.164,353.944,355.373,74.900,8.022,344.558,350.776,8.022,344.558,350.776,359.987,350.909,337.816,13.181,358.987,85.264,101.589,347.428,36.518,28.572,356.070,261.010,1.009,305.931,6.702,15.885,25.585,14.256,332.289,4.270,332.965,358.697,3.412,356.275,351.075,12.476,348.982,14.289,42.078,7.419
-17.215,87.434,166.422,88.718,17.341,356.009,4.643,17.810,1.078,4.643,17.810,1.078,343.080,353.138,9.711,19.640,32.057,279.517,313.964,349.346,340.503,352.263,353.174,79.209,8.553,344.752,351.558,8.553,344.752,351.558,1.583,354.270,342.204,12.722,358.933,84.392,94.974,351.779,34.377,21.508,354.390,265.622,1.271,310.577,6.840,15.658,17.942,10.349,333.710,6.484,330.683,358.886,0.859,357.872,343.962,23.691,339.620,9.029,43.137,5.218
-13.952,89.084,160.603,89.131,13.077,355.435,3.756,19.192,1.224,3.756,19.192,1.224,345.854,353.168,7.977,18.755,21.442,281.432,311.225,347.815,338.441,352.233,351.854,86.942,9.523,345.778,352.084,9.523,345.778,352.084,359.851,355.558,345.799,7.619,1.467,86.315,81.848,5.420,30.697,5.951,345.738,270.180,6.376,315.920,359.534,19.913,25.411,15.471,333.948,7.833,334.655,356.146,356.644,359.745,331.408,41.422,317.297,6.684,34.893,3.056
-18.993,91.721,156.945,90.014,11.503,356.480,2.098,18.674,0.590,2.098,18.674,0.590,348.851,351.163,8.337,17.305,16.537,283.385,308.358,346.890,334.680,345.467,353.204,92.700,10.466,347.035,352.807,10.466,347.035,352.807,358.755,355.659,344.957,6.382,4.146,87.083,60.444,12.998,20.787,8.181,344.987,274.496,12.849,325.250,355.362,11.031,28.836,8.639,335.847,356.198,352.259,352.642,346.428,1.962,315.127,51.532,290.852,5.248,26.871,0.164
-29.767,92.504,156.295,91.030,7.460,359.012,357.844,19.388,359.038,357.844,19.388,359.038,355.068,344.031,9.780,13.108,16.861,285.004,298.332,342.561,332.159,348.748,352.754,99.765,12.879,347.333,352.434,12.879,347.333,352.434,2.284,355.498,337.162,6.249,8.319,92.073,44.588,13.583,12.881,358.174,348.126,277.145,16.567,335.745,353.703,355.349,32.775,0.295,346.601,347.406,356.832,353.678,338.589,3.508,293.116,54.246,262.703,5.709,16.398,359.510
-44.401,94.670,158.158,93.162,7.813,0.115,353.268,19.692,359.111,353.268,19.692,359.111,0.932,337.643,9.784,11.781,9.140,286.493,294.994,338.311,329.242,349.299,357.477,103.500,15.749,346.652,350.672,15.749,346.652,350.672,4.864,351.461,329.678,9.436,13.422,95.098,26.316,10.379,1.886,0.934,354.852,284.056,12.748,337.066,352.469,0.345,37.536,2.063,344.104,344.290,357.491,347.966,327.161,9.860,288.171,58.558,251.558,1.223,6.930,356.927
-68.526,96.302,165.968,95.166,7.897,359.580,352.685,18.998,359.876,352.685,18.997,359.876,0.278,338.425,12.837,12.753,357.432,284.374,283.694,332.910,325.979,351.142,11.376,107.011,14.995,346.702,350.611,14.995,346.702,350.611,2.045,355.467,329.771,359.349,20.826,89.069,25.956,10.505,5.486,358.396,350.532,283.334,10.577,348.185,355.845,359.620,30.737,0.840,338.790,352.040,352.239,342.781,315.454,22.751,295.701,60.490,258.051,0.668,5.568,357.600
-56.410,96.725,163.739,95.817,7.855,357.492,352.914,18.381,0.967,352.914,18.381,0.967,358.590,339.858,14.304,9.811,351.573,284.567,278.642,330.623,327.041,353.240,16.705,106.809,14.600,348.047,350.878,14.600,348.047,350.878,0.600,357.215,332.978,354.412,24.682,83.785,25.515,6.293,6.824,358.970,349.554,282.585,8.824,357.123,359.621,359.994,21.166,1.305,333.719,5.087,343.703,339.847,313.946,29.020,331.504,57.805,295.445,2.693,11.596,358.621
-39.816,95.693,160.193,96.457,7.863,355.953,351.764,17.422,0.991,351.764,17.422,0.991,355.673,342.045,16.385,8.260,351.248,285.710,269.758,331.327,325.754,359.133,20.027,108.065,15.373,351.161,351.940,15.373,351.161,351.940,2.792,357.769,338.488,345.168,30.319,76.435,29.911,3.324,6.019,1.733,349.365,278.935,8.006,8.485,2.198,10.826,7.927,6.179,310.981,25.622,306.567,349.813,314.396,22.673,349.310,40.699,323.156,9.540,11.322,6.852
-27.895,88.981,157.046,98.448,8.900,358.076,349.954,16.810,358.991,349.954,16.810,358.991,352.621,343.671,18.893,4.972,351.187,286.285,270.362,331.809,326.840,3.074,20.176,106.056,16.043,350.661,353.249,16.043,350.661,353.249,4.214,356.794,345.543,338.783,30.382,70.076,31.909,0.250,6.346,2.476,346.119,276.911,11.824,8.779,2.228,7.970,19.714,7.021,313.420,23.472,312.571,356.644,315.074,12.183,352.506,23.367,337.529,13.767,24.301,11.023
-19.618,86.711,156.573,99.023,9.954,359.389,350.734,16.968,357.707,350.734,16.968,357.707,347.504,345.113,20.833,3.744,351.623,286.175,277.075,334.438,327.009,3.399,19.543,106.354,14.932,349.620,354.177,14.932,349.620,354.177,3.038,356.572,349.920,337.473,27.553,70.269,33.404,355.859,7.109,2.631,347.682,272.997,12.385,4.852,2.341,8.901,35.547,9.097,318.930,23.777,317.184,359.085,317.111,7.612,355.941,16.546,345.056,13.700,26.309,15.793
-11.130,88.779,156.598,99.276,9.469,0.557,353.083,16.725,357.533,353.083,16.725,357.533,343.753,345.383,18.178,359.959,355.715,285.936,281.856,339.036,331.406,7.590,16.612,104.643,12.614,350.134,354.857,12.614,350.134,354.857,359.690,358.213,352.061,339.510,23.255,72.132,34.261,357.031,6.065,4.777,346.472,274.571,17.839,2.731,2.988,12.054,51.074,16.295,323.769,27.285,322.887,352.642,324.208,10.878,1.982,12.927,345.426,10.662,30.169,16.740
-8.965,91.626,156.910,100.601,6.970,1.707,354.349,16.682,357.839,354.349,16.682,357.839,344.609,346.101,15.428,358.136,3.561,280.581,289.004,347.778,335.779,13.963,9.389,99.543,11.211,350.706,355.294,11.211,350.706,355.294,359.951,356.781,353.487,341.456,20.025,71.236,37.015,357.007,6.881,6.094,344.066,274.843,17.547,356.557,3.118,29.182,75.029,36.524,332.426,19.446,331.806,357.598,328.866,8.113,355.015,25.223,340.798,12.926,19.017,9.831
-14.719,95.027,161.598,100.313,4.832,1.484,355.510,16.924,358.850,355.511,16.924,358.850,348.131,347.213,13.444,356.901,7.343,279.168,302.380,350.374,337.548,7.399,7.457,95.267,10.805,350.900,354.973,10.805,350.900,354.973,1.642,355.390,351.846,343.509,17.639,71.311,44.087,356.861,9.844,8.249,342.060,271.518,16.325,346.533,4.476,136.665,84.599,145.115,337.955,16.614,336.988,352.461,338.178,9.268,1.730,29.055,341.162,8.244,6.116,9.258
-28.528,95.504,168.607,99.238,2.922,359.064,356.993,18.108,1.308,356.993,18.108,1.308,352.130,344.005,12.104,2.009,20.288,279.627,308.889,355.373,336.370,13.225,9.546,87.361,11.095,349.970,353.039,11.095,349.970,353.039,1.922,354.438,337.272,355.253,8.242,83.241,46.828,356.312,10.872,9.541,339.772,271.597,14.073,331.014,5.564,183.911,72.359,191.169,342.841,7.995,348.361,354.509,347.491,9.736,357.516,33.542,339.641,6.269,355.345,8.529
-26.832,94.517,166.965,96.147,4.371,358.776,357.119,18.411,2.423,357.119,18.411,2.423,357.243,340.529,8.805,6.499,26.848,281.311,317.336,359.856,336.667,10.632,7.067,80.385,12.488,349.164,350.606,12.488,349.164,350.606,5.200,351.112,329.128,357.553,2.176,88.271,58.908,359.327,15.170,13.478,339.041,266.600,13.465,315.452,0.765,177.112,74.122,180.934,342.550,8.082,350.256,358.165,351.706,7.084,356.456,32.192,341.318,8.569,356.844,7.307
-13.531,94.748,162.526,94.261,4.686,358.614,358.602,17.703,2.840,358.602,17.703,2.840,357.391,341.554,7.290,8.295,35.302,281.810,318.686,357.741,338.561,9.010,5.429,77.930,12.106,349.641,350.067,12.106,349.641,350.067,4.509,349.819,327.527,3.864,357.309,91.650,66.129,356.386,17.409,16.291,340.754,261.239,14.418,308.458,358.130,147.615,84.297,151.238,342.089,0.095,350.571,1.471,1.757,3.379,356.113,24.348,344.542,12.268,4.772,6.107
4.030,95.134,154.648,92.164,8.585,358.189,4.394,14.572,3.504,4.394,14.572,3.504,348.605,344.744,8.896,10.726,40.728,280.614,321.251,354.388,339.673,5.728,5.547,76.435,7.649,350.859,350.783,7.649,350.859,350.783,357.850,350.038,331.258,9.112,356.917,91.437,78.736,355.376,22.617,19.029,344.327,257.781,7.859,303.621,359.711,20.793,59.212,21.928,338.781,5.568,342.935,2.282,8.201,358.559,355.244,10.538,347.924,24.431,42.244,13.433
15.404,92.387,149.170,89.031,11.003,357.077,8.171,12.933,3.364,8.171,12.933,3.364,344.704,348.982,9.890,19.257,41.051,282.026,318.751,356.838,338.009,0.325,1.742,75.707,5.936,351.586,351.717,5.936,351.586,351.717,358.094,349.319,337.697,8.919,0.727,87.147,88.967,356.561,30.778,23.110,350.157,260.123,7.737,305.239,0.497,17.238,36.967,18.483,332.718,4.845,334.253,0.916,10.972,354.595,358.409,7.004,350.684,28.927,54.854,20.275
24.003,86.765,143.788,87.649,11.841,356.034,9.423,12.424,3.263,9.423,12.424,3.263,343.957,355.444,9.772,20.127,35.686,278.496,317.254,352.018,336.760,358.424,0.198,80.320,5.796,350.364,352.599,5.796,350.364,352.599,0.014,351.271,341.495,6.893,1.252,83.786,90.510,356.298,37.706,26.605,352.780,261.530,2.900,308.960,5.935,16.777,23.033,12.486,333.597,5.695,332.213,1.837,6.821,354.549,357.310,18.718,347.236,18.418,53.224,17.085
26.282,86.621,138.050,88.215,9.722,354.689,8.491,13.069,3.594,8.491,13.069,3.594,344.101,2.696,6.493,18.076,22.491,276.675,315.191,348.114,336.551,356.869,355.676,87.372,6.328,350.732,353.190,6.328,350.732,353.190,358.839,358.892,344.413,8.248,357.799,84.659,79.336,1.047,36.290,16.661,349.809,267.879,8.275,314.642,359.577,18.511,24.792,15.345,334.794,6.676,332.404,0.178,0.391,356.757,341.230,35.792,330.026,14.780,46.952,8.856
25.823,89.460,133.848,88.061,7.798,354.503,6.774,13.771,3.513,6.774,13.771,3.513,347.425,359.266,2.944,16.673,15.350,281.264,314.107,346.990,333.728,349.966,357.632,91.482,8.018,351.395,353.404,8.018,351.395,353.404,358.440,0.902,343.974,6.845,358.454,87.271,70.236,11.688,31.446,12.884,346.929,271.871,4.820,319.586,1.354,21.225,32.503,12.500,331.587,3.129,349.377,355.374,356.069,357.387,330.019,43.994,312.478,8.247,35.582,0.507
14.480,91.098,132.694,89.725,5.853,356.711,3.619,14.194,1.317,3.619,14.194,1.317,350.305,352.704,6.887,16.129,15.323,282.157,305.423,344.511,327.038,351.514,358.130,99.133,9.608,350.357,354.798,9.608,350.357,354.798,357.411,358.731,343.011,8.743,3.136,88.851,58.941,15.289,25.976,13.118,348.827,273.689,15.397,332.696,353.933,359.970,32.092,4.054,343.564,350.937,356.352,355.089,343.064,359.525,307.717,49.599,283.295,8.052,22.381,358.513
-0.510,92.396,134.037,90.451,3.528,359.248,1.466,14.726,359.633,1.466,14.726,359.633,352.471,343.915,12.971,7.959,14.419,281.022,304.242,337.079,323.754,350.564,2.514,101.971,10.189,350.123,355.081,10.189,350.123,355.081,356.396,357.615,334.745,10.119,11.476,94.431,53.179,12.410,20.311,12.465,348.108,278.183,11.427,337.919,351.563,3.097,39.838,3.357,345.359,343.313,0.269,356.238,332.746,3.593,297.794,52.899,269.412,1.674,9.675,355.885
-25.930,94.427,141.695,91.711,3.315,358.592,354.001,16.516,0.814,354.001,16.516,0.814,3.515,337.117,10.079,6.426,5.476,279.826,290.170,331.480,321.401,354.811,14.127,105.472,15.797,349.661,351.290,15.797,349.661,351.290,3.817,352.623,327.966,8.220,17.779,90.773,52.823,8.383,21.572,12.533,343.751,275.917,7.120,350.557,353.518,6.345,34.195,3.156,340.350,348.510,355.330,350.472,320.203,15.064,306.595,57.104,275.124,3.852,6.117,358.348
-9.551,94.233,137.103,90.496,3.944,357.297,356.013,13.987,1.268,356.013,13.987,1.268,357.079,340.605,13.580,4.852,356.940,278.270,287.078,328.717,320.338,358.996,21.170,108.539,13.583,352.150,352.427,13.583,352.150,352.427,359.091,356.176,331.968,3.521,21.250,86.503,52.159,5.694,21.494,12.082,341.226,271.930,9.537,1.166,355.315,4.259,25.261,3.176,334.312,0.411,347.966,348.829,317.909,21.546,339.370,51.752,309.229,4.781,12.695,1.885
7.814,93.637,132.772,90.569,4.963,356.010,354.758,12.287,0.896,354.758,12.287,0.896,354.593,342.412,16.204,1.618,355.369,278.351,275.651,328.335,317.501,4.320,25.496,106.965,14.268,354.530,353.785,14.268,354.530,353.785,0.342,356.602,339.892,351.542,26.367,78.281,55.778,4.937,22.066,9.713,342.351,272.967,7.760,9.470,355.720,12.749,14.520,8.879,309.210,24.746,308.226,356.119,317.657,18.674,349.219,31.812,329.595,12.229,10.665,15.416
18.716,89.595,130.737,91.461,6.720,356.096,352.404,11.752,359.885,352.404,11.752,359.885,351.898,342.649,17.313,0.938,356.019,279.654,275.866,329.208,316.156,6.601,25.846,105.443,16.654,353.589,354.797,16.654,353.589,354.797,3.803,355.534,344.897,346.582,26.489,74.595,57.130,3.587,22.725,11.695,339.590,270.145,11.304,7.755,359.133,8.313,24.061,6.043,311.833,26.356,308.657,358.693,321.843,12.718,352.659,16.125,342.354,16.230,18.185,20.695
26.269,85.506,131.600,91.221,7.674,356.820,353.569,12.977,358.327,353.569,12.977,358.327,345.501,341.830,18.817,358.151,358.097,280.452,279.298,332.944,318.952,11.162,24.207,108.411,15.983,351.368,355.493,15.983,351.368,355.493,1.904,354.352,349.409,347.505,22.828,77.831,59.208,1.221,22.605,11.301,340.510,267.219,12.542,2.198,0.358,13.375,45.385,9.455,319.367,23.784,318.576,356.709,325.587,12.178,356.771,11.128,347.637,15.546,22.385,21.525
29.394,91.679,132.813,91.381,6.823,357.816,355.396,13.188,358.152,355.396,13.188,358.152,343.765,343.448,15.947,356.813,0.465,279.356,287.349,340.990,323.235,14.547,22.233,106.229,14.364,351.925,355.790,14.364,351.925,355.790,359.281,355.937,352.033,353.296,15.513,81.454,58.328,0.185,20.610,13.987,341.327,266.623,20.451,356.841,1.594,11.304,60.330,13.455,325.804,23.392,325.195,356.837,331.196,12.619,358.985,12.458,345.094,18.082,22.155,14.166
23.049,94.483,139.474,95.442,3.525,0.157,356.057,13.770,358.271,356.057,13.770,358.271,346.334,346.498,14.159,356.857,5.499,275.648,295.934,349.543,325.194,29.173,16.722,110.254,12.419,352.004,356.279,12.419,352.004,356.279,359.167,353.474,348.506,1.160,13.247,86.428,60.859,356.493,20.018,16.071,341.961,263.734,19.226,347.716,1.882,35.000,74.907,39.376,331.846,15.840,335.779,0.305,341.584,7.986,2.165,23.113,344.499,1.993,355.373,7.244
12.219,97.390,149.308,97.117,0.500,0.105,356.612,14.853,0.541,356.612,14.853,0.541,353.440,344.045,12.440,352.755,15.239,272.662,304.361,351.985,327.458,32.807,20.835,106.915,11.922,351.993,354.051,11.922,351.993,354.051,0.063,351.613,334.793,10.862,6.737,93.577,68.160,353.953,22.597,18.706,341.278,259.298,15.642,337.583,3.412,46.144,79.976,50.333,339.773,11.361,343.589,0.138,351.010,8.160,357.282,23.585,340.977,1.730,351.095,7.958
-6.151,95.012,154.764,94.632,3.911,358.820,359.932,15.258,3.097,359.932,15.258,3.097,355.303,339.318,8.701,355.761,25.398,276.182,310.964,350.127,326.519,26.991,13.454,96.180,10.777,350.651,351.477,10.777,350.651,351.477,0.708,347.814,325.257,12.724,358.139,97.645,78.959,352.622,27.468,20.834,346.763,256.048,12.543,317.228,1.663,41.381,77.258,43.651,343.600,2.423,347.869,5.056,355.778,4.996,353.099,23.928,342.567,6.076,1.512,7.349
12.673,96.292,146.574,95.234,4.968,358.845,3.712,12.780,3.561,3.712,12.780,3.561,349.394,343.845,9.114,3.130,33.824,280.986,315.641,347.329,325.834,20.870,8.650,96.079,6.686,352.504,352.348,6.686,352.504,352.348,355.552,349.136,328.846,15.285,357.495,94.276,89.344,350.169,33.519,21.246,350.853,250.402,11.007,312.434,359.299,22.033,57.096,25.931,338.626,7.604,342.314,4.275,6.156,0.513,353.714,15.025,346.698,11.066,20.351,3.952
26.256,95.048,138.993,94.835,7.603,357.564,5.225,10.380,3.735,5.225,10.380,3.735,347.596,347.295,10.036,9.917,38.039,283.840,315.943,347.245,326.986,18.408,11.888,96.481,5.258,354.486,353.065,5.258,354.486,353.065,356.506,349.783,332.426,15.767,359.383,90.746,93.319,348.184,38.394,28.214,356.332,254.837,3.224,311.124,4.775,17.753,36.866,18.737,334.253,5.761,336.048,2.370,9.169,357.948,349.953,8.713,347.637,23.213,47.121,11.091
39.512,89.394,133.040,93.289,8.745,356.542,8.046,9.418,3.599,8.046,9.418,3.599,344.208,350.571,11.496,16.792,38.759,286.898,318.748,343.275,326.424,12.690,10.098,92.729,3.465,354.446,354.178,3.465,354.446,354.178,359.073,351.184,338.139,11.528,3.133,85.822,93.508,348.277,42.534,28.641,356.904,258.538,2.228,313.286,6.540,13.681,18.174,13.837,330.924,6.303,328.356,0.126,8.813,356.026,353.474,16.378,346.023,21.334,52.952,12.465
40.959,84.887,127.675,94.444,8.249,356.098,7.448,9.741,3.056,7.448,9.741,3.056,343.096,358.438,10.815,20.701,28.986,285.776,317.715,342.431,326.490,8.283,5.828,99.868,3.772,353.744,355.195,3.772,353.744,355.195,0.330,356.570,342.730,10.137,2.285,84.061,83.816,355.982,40.131,18.061,353.242,264.066,5.906,319.429,1.132,15.423,7.551,13.573,328.873,10.123,323.995,0.574,359.800,356.615,344.514,36.090,334.957,11.399,44.459,6.412
38.319,86.203,122.613,95.204,5.042,355.536,5.545,10.636,3.259,5.545,10.636,3.259,345.775,359.460,7.963,19.008,23.500,285.984,311.528,339.995,326.077,7.444,0.107,103.553,5.523,354.843,355.631,5.523,354.843,355.631,358.844,359.976,345.721,10.183,1.295,82.811,74.166,5.450,35.105,11.568,347.992,269.056,6.627,324.221,359.321,16.575,12.952,14.376,318.755,15.263,333.679,357.332,355.800,357.075,331.451,45.603,318.661,4.022,32.346,359.979
28.713,91.021,121.801,95.083,2.898,356.290,3.842,10.863,2.356,3.842,10.863,2.356,349.284,357.028,7.361,15.704,17.474,285.881,310.661,338.175,322.210,3.438,2.259,109.838,6.844,354.713,356.681,6.844,354.714,356.681,358.642,1.056,346.199,9.106,3.191,82.422,64.065,11.641,30.057,2.819,349.115,269.026,7.541,329.903,357.333,7.694,23.563,8.341,336.816,359.861,353.663,356.384,345.981,359.066,314.766,49.342,296.451,4.366,22.092,357.573
8.785,93.799,124.231,95.685,357.706,358.983,1.087,12.460,0.809,1.087,12.460,0.809,353.254,346.855,12.657,5.612,18.867,282.078,303.436,334.555,319.939,357.497,9.431,111.528,7.879,354.727,356.448,7.879,354.727,356.448,355.111,358.074,330.547,11.801,12.092,95.464,56.739,13.364,24.523,7.017,347.006,272.153,12.245,343.035,351.825,357.488,32.646,5.579,345.357,346.573,0.565,1.555,334.638,1.908,301.541,49.831,280.099,4.053,8.046,356.555
-10.781,94.795,131.514,98.039,358.054,359.333,354.318,16.437,1.524,354.318,16.437,1.524,1.438,335.247,11.880,3.786,11.600,278.798,297.536,330.547,315.617,1.292,14.884,115.756,12.571,351.534,352.615,12.571,351.534,352.615,2.045,348.114,325.853,9.082,17.008,91.913,54.871,9.144,27.790,8.244,343.468,270.601,5.191,346.979,353.592,4.443,35.132,5.009,343.619,347.856,357.038,357.439,326.176,5.064,314.361,52.766,291.624,5.277,8.519,359.785
-13.513,96.183,135.389,96.880,358.907,358.623,355.328,13.178,1.456,355.328,13.178,1.456,357.299,340.974,14.402,2.864,5.152,278.653,292.991,327.685,312.466,4.742,23.830,118.986,11.082,354.626,353.714,11.082,354.626,353.714,358.593,353.428,330.316,1.234,20.347,84.340,56.385,8.908,31.434,8.636,344.804,266.037,8.074,0.578,355.683,3.040,26.846,3.573,340.047,355.907,351.228,352.583,323.175,13.756,335.133,46.733,309.684,7.439,12.284,3.588
10.076,94.082,126.719,95.930,0.683,357.897,354.859,9.662,0.677,354.859,9.662,0.677,353.080,345.092,17.521,357.991,3.224,280.466,278.951,325.379,314.610,8.417,30.204,113.444,11.371,357.767,355.779,11.371,357.767,355.779,359.344,356.379,337.422,353.132,25.188,75.643,58.447,9.826,29.880,8.351,342.859,267.082,11.554,7.874,355.875,8.088,23.310,10.293,318.417,18.855,324.902,1.512,321.233,10.104,347.576,25.837,335.476,13.913,18.131,11.912
19.855,90.358,124.140,96.143,2.075,357.613,353.180,8.642,0.155,353.180,8.642,0.155,351.588,345.750,18.236,357.591,5.604,283.485,273.004,324.623,314.913,7.596,29.614,109.666,13.522,357.807,356.631,13.522,357.807,356.631,4.723,356.033,342.048,344.884,27.752,69.141,59.532,7.535,31.979,12.000,340.954,265.450,14.850,6.343,359.688,4.113,31.051,7.646,317.643,22.131,320.416,2.736,324.031,8.258,349.491,13.719,345.251,16.907,26.324,20.026
29.028,87.803,128.794,95.912,3.315,358.137,354.466,10.277,358.437,354.466,10.277,358.437,343.137,347.568,18.692,2.213,4.431,287.244,279.863,326.271,313.022,11.910,28.425,116.327,13.233,355.423,357.608,13.233,355.423,357.608,4.456,356.117,347.677,345.084,21.032,72.166,62.124,5.072,30.630,10.315,342.623,265.597,17.092,359.893,1.681,12.053,51.938,14.614,329.780,21.379,329.763,358.301,331.011,9.919,350.722,8.026,348.783,19.604,30.916,21.869
29.861,93.494,131.161,95.359,2.362,358.939,355.777,10.558,358.232,355.777,10.558,358.232,343.745,346.836,15.278,0.416,9.259,284.557,283.595,332.440,317.190,16.995,23.269,116.757,12.322,356.069,357.367,12.322,356.069,357.367,2.268,357.276,349.563,350.634,15.401,73.694,63.888,3.950,29.271,11.067,343.936,266.266,18.799,351.241,2.554,25.265,67.314,28.809,331.664,17.794,335.369,0.094,334.871,10.395,354.422,14.575,345.848,20.907,20.233,8.407
23.130,94.208,137.049,96.037,358.946,359.824,356.376,11.767,358.476,356.376,11.767,358.476,346.802,348.058,12.734,358.887,11.902,281.366,295.708,339.749,322.860,15.581,21.709,113.968,11.930,356.125,357.033,11.930,356.125,357.033,3.004,355.708,347.904,355.517,13.073,76.029,65.572,0.788,29.232,12.178,344.984,263.617,19.462,344.565,3.181,52.351,76.008,58.804,334.627,13.043,340.841,3.612,342.807,9.602,359.373,25.394,345.197,4.595,358.549,5.522
7.109,97.243,147.260,97.501,355.495,357.979,357.902,13.397,2.122,357.902,13.397,2.122,355.233,344.752,10.994,356.061,23.270,273.200,305.161,347.526,325.547,25.613,18.542,114.387,10.603,356.769,354.094,10.603,356.769,354.094,359.597,353.122,329.329,9.344,3.644,91.847,70.547,357.043,30.196,16.024,344.899,258.429,15.405,331.247,5.214,72.064,80.511,79.574,339.026,7.084,347.667,4.612,354.497,12.055,353.163,25.661,341.225,3.188,351.765,5.587
-2.211,96.154,148.636,94.614,358.853,358.833,0.358,14.994,2.986,0.358,14.994,2.986,357.025,336.923,8.562,0.644,30.947,274.614,314.726,348.663,325.085,23.126,3.780,100.431,9.802,353.583,352.150,9.802,353.583,352.150,0.319,345.828,323.338,10.769,357.951,96.503,77.002,355.498,33.162,18.541,347.847,254.688,13.887,318.457,3.307,44.983,79.521,49.827,340.038,7.357,345.052,8.305,358.091,7.478,351.423,24.047,343.559,6.175,1.045,4.964
17.269,96.642,139.664,93.344,1.401,358.250,5.658,10.551,3.736,5.658,10.551,3.736,349.554,343.839,8.612,9.740,38.908,279.884,326.919,343.047,322.262,12.339,358.710,93.076,5.136,356.598,353.071,5.136,356.598,353.071,353.073,350.387,326.454,16.760,353.602,95.421,84.620,351.930,35.401,19.128,352.317,248.680,12.716,312.891,2.559,20.930,66.072,25.731,339.217,7.402,339.170,6.638,7.264,3.790,353.118,16.761,345.987,11.108,16.574,2.220
34.458,94.973,129.135,91.129,5.958,356.642,8.039,7.058,3.626,8.039,7.058,3.626,346.659,349.791,9.279,19.870,43.045,284.227,324.597,343.648,324.588,12.746,6.348,97.918,3.423,358.520,354.077,3.423,358.520,354.077,355.625,350.906,332.791,17.191,358.163,90.782,90.933,350.519,41.292,26.648,358.407,254.017,4.907,312.081,8.383,15.587,31.179,16.444,329.624,10.748,325.417,2.602,7.460,358.854,350.581,13.326,346.295,20.757,48.549,6.245
43.299,87.978,121.397,89.389,7.830,356.149,9.597,6.295,3.278,9.597,6.295,3.278,345.077,356.085,9.407,25.352,39.963,285.093,323.934,340.323,326.159,5.650,1.032,93.232,2.713,358.044,354.770,2.713,358.044,354.770,358.797,352.382,337.071,14.045,0.951,86.878,91.186,350.945,45.610,27.808,358.365,258.380,6.013,315.735,7.838,16.256,11.290,13.799,323.568,15.515,319.011,0.468,3.254,357.004,350.963,24.397,341.308,8.675,40.618,1.498
43.555,83.774,114.394,89.928,7.468,356.588,9.196,7.128,2.444,9.196,7.128,2.444,344.529,0.543,9.324,25.524,32.350,283.037,324.746,335.828,325.876,2.818,358.928,96.803,2.801,357.567,355.490,2.801,357.567,355.490,0.327,357.688,342.331,12.102,359.799,82.754,84.327,355.431,44.916,20.356,355.641,262.320,8.982,321.653,4.262,16.563,2.083,12.217,324.479,17.151,316.480,0.132,358.162,356.185,339.358,34.033,329.266,1.717,34.385,357.337
42.371,86.737,108.517,91.276,5.077,355.908,7.900,8.348,2.530,7.900,8.348,2.530,345.482,1.206,6.741,24.760,24.257,285.225,318.043,333.449,327.132,359.618,0.032,104.273,3.744,357.980,356.248,3.744,357.980,356.248,358.068,359.867,346.860,11.091,0.250,81.265,76.017,3.931,40.447,13.855,350.215,266.945,9.482,325.344,0.856,15.204,7.818,14.449,321.869,17.938,315.346,358.732,354.068,357.278,323.900,42.047,310.318,359.398,25.983,354.128
34.249,90.307,107.816,93.693,1.791,357.324,4.563,9.321,1.575,4.563,9.321,1.575,351.748,357.407,3.592,21.019,11.102,289.815,318.942,331.820,323.665,353.783,3.754,109.691,6.043,357.807,357.496,6.043,357.807,357.496,356.983,0.671,348.479,7.160,3.488,79.778,57.789,16.143,30.906,3.264,344.227,269.953,4.971,329.548,358.774,8.454,26.487,9.793,336.030,0.826,347.140,358.436,343.201,359.493,302.077,48.242,280.156,3.075,19.269,355.251
22.465,92.132,110.710,96.855,357.756,358.268,2.449,10.799,0.724,2.449,10.799,0.724,352.666,352.342,7.006,17.730,7.910,289.267,317.021,329.768,320.235,353.007,9.157,113.841,6.141,357.329,358.193,6.141,357.329,358.193,355.695,359.722,340.889,7.924,9.039,86.702,49.341,15.615,23.990,2.101,349.855,272.270,8.791,338.540,355.380,355.490,34.918,3.433,344.909,350.735,354.931,357.638,335.377,3.092,286.869,52.150,260.494,6.074,10.668,354.920
3.725,93.975,119.687,100.348,356.828,0.308,356.516,13.988,1.091,356.516,13.988,1.091,358.049,333.465,11.396,13.963,12.836,283.765,306.596,327.345,316.859,353.996,18.633,115.204,9.273,355.241,354.533,9.273,355.241,354.533,354.364,348.401,327.292,10.213,16.594,91.417,48.035,14.581,25.304,1.152,339.040,277.516,2.682,346.196,354.507,3.980,38.420,4.433,340.263,347.690,354.515,353.121,324.887,7.071,295.250,62.036,266.995,5.928,13.132,355.584
11.816,95.658,119.471,99.368,358.016,0.607,353.345,12.692,359.691,353.345,12.692,359.691,2.006,335.087,13.530,10.409,4.928,281.122,303.808,324.542,316.685,357.477,26.144,113.450,12.108,355.965,354.331,12.108,355.965,354.331,359.006,349.880,329.898,4.328,18.786,85.706,46.092,8.884,27.091,3.058,342.512,274.550,8.582,0.069,356.726,0.225,29.033,2.024,334.082,358.781,346.263,350.511,320.133,13.950,317.245,61.788,287.274,6.773,11.110,0.158
28.251,95.152,114.392,98.937,359.830,359.559,354.663,8.219,359.496,354.663,8.219,359.496,355.290,342.248,17.103,7.529,2.034,279.790,293.690,325.632,316.692,5.412,29.427,117.853,10.943,0.311,356.238,10.943,0.311,356.238,355.994,356.728,335.008,359.592,22.188,81.198,48.852,8.250,25.394,2.273,342.728,272.262,11.969,6.647,359.242,4.820,22.492,6.821,317.534,9.919,328.536,352.759,318.395,16.392,341.326,48.844,316.063,6.826,18.618,0.070
39.262,92.557,110.676,100.071,2.131,359.426,354.100,5.879,359.214,354.100,5.879,359.214,350.513,343.994,18.123,1.759,3.321,282.107,283.697,325.628,321.196,7.597,33.282,109.589,11.384,1.998,357.583,11.384,1.998,357.583,356.381,357.739,342.024,348.739,25.839,72.087,54.024,9.947,26.734,1.994,339.119,273.556,10.376,10.897,359.027,10.471,16.127,11.082,302.056,17.770,303.592,0.379,318.100,9.738,345.767,32.909,330.741,10.568,21.528,3.557
50.904,89.798,111.100,102.025,5.778,0.205,351.244,5.115,357.826,351.244,5.115,357.826,344.621,347.820,20.175,6.079,3.073,287.206,282.133,326.541,315.818,10.719,29.294,111.069,13.530,359.587,359.129,13.530,359.587,359.129,1.475,358.154,349.244,337.933,23.803,65.325,58.179,4.299,28.427,1.472,340.046,276.334,11.300,7.394,2.045,359.107,29.620,5.035,316.665,21.135,311.419,5.436,320.939,2.508,345.173,10.495,347.460,18.211,31.875,10.888
58.848,87.599,112.292,101.933,7.067,1.051,352.150,5.790,357.352,352.150,5.790,357.352,339.767,348.203,18.420,7.510,2.684,289.119,289.986,326.626,313.762,15.056,27.173,115.474,12.849,358.598,359.149,12.849,358.598,359.149,1.384,359.224,352.105,334.062,19.401,65.754,60.784,3.049,28.664,3.342,340.187,272.760,11.930,3.636,2.801,7.044,42.729,9.520,320.522,22.259,317.344,1.743,325.017,2.420,352.600,4.332,354.261,14.313,34.939,10.962
63.908,93.336,114.222,101.526,4.672,2.380,354.289,5.643,357.549,354.289,5.643,357.549,342.855,348.855,12.678,0.866,10.505,283.170,294.940,338.332,325.524,19.894,19.544,112.999,11.244,0.597,358.767,11.244,0.597,358.767,358.818,1.597,351.095,336.286,14.139,68.230,64.039,2.313,29.630,3.317,338.912,266.569,20.574,0.251,3.966,17.515,58.455,24.734,327.768,21.628,328.243,359.947,333.165,6.622,355.450,10.216,347.093,15.591,23.793,7.095
63.875,93.990,117.063,102.174,2.482,3.535,355.477,6.444,357.396,355.477,6.444,357.396,343.748,350.295,12.433,358.254,14.422,279.980,301.834,342.794,331.240,20.769,14.318,112.485,9.828,0.184,358.862,9.828,0.184,358.862,358.471,359.067,351.179,339.372,12.862,67.977,64.087,359.483,29.416,6.515,339.139,264.492,22.045,356.542,4.161,34.572,67.569,43.947,332.529,16.266,334.327,3.315,336.606,5.017,357.849,22.089,346.069,4.603,4.106,5.746
60.246,95.209,123.845,101.238,356.149,2.116,356.341,9.189,359.018,356.341,9.189,359.018,350.903,349.334,15.742,357.963,22.362,273.598,311.214,347.526,329.198,24.112,13.585,114.066,9.663,0.228,357.513,9.663,0.228,357.513,356.456,357.538,337.535,353.245,9.955,80.796,60.657,356.080,27.005,7.932,341.089,261.406,17.210,349.070,7.684,66.642,75.307,74.846,336.967,11.912,339.583,2.396,347.819,10.350,356.607,28.331,339.874,1.232,354.351,6.467
51.133,95.583,127.119,97.394,358.920,0.452,356.979,10.562,3.149,356.979,10.562,3.149,358.874,342.701,7.939,4.661,26.835,275.195,325.840,355.216,334.137,31.443,13.953,103.944,10.831,358.908,352.810,10.831,358.908,352.810,2.030,351.620,326.004,355.197,5.912,86.067,64.747,359.417,29.530,9.528,339.541,260.210,14.820,334.028,5.558,85.231,76.967,89.881,338.420,5.364,346.310,10.568,351.296,8.143,351.385,26.857,342.086,2.969,354.275,6.493
69.380,99.187,118.522,96.608,1.280,359.804,0.191,9.417,3.664,0.191,9.417,3.664,357.631,342.839,7.640,10.669,33.889,278.038,334.663,352.647,339.481,26.081,4.633,91.321,8.645,359.576,352.582,8.645,359.576,352.582,359.546,350.818,329.269,2.118,0.854,84.635,68.339,355.669,29.709,12.839,342.375,257.893,11.667,323.144,5.322,27.028,69.069,29.492,338.403,9.197,342.259,11.537,1.670,4.411,348.954,17.609,346.218,10.098,14.168,4.497
82.810,98.729,110.570,95.187,4.037,358.237,2.695,7.084,3.508,2.695,7.084,3.508,355.195,347.375,9.005,16.965,37.412,282.109,338.700,340.194,340.696,25.022,7.804,89.513,7.064,0.830,353.765,7.064,0.830,353.765,358.154,350.239,335.810,7.866,358.705,80.680,71.375,354.948,30.338,13.605,343.655,256.570,8.247,317.384,4.649,21.561,52.348,23.234,335.568,10.324,339.173,4.022,9.507,358.884,351.851,6.828,350.704,18.955,35.391,11.745
94.935,95.188,101.970,89.803,6.726,356.429,6.701,5.556,3.861,6.701,5.556,3.861,353.115,350.739,9.084,28.631,38.074,289.050,337.519,338.783,338.960,19.366,3.906,87.764,6.026,0.760,354.472,6.026,0.760,354.472,359.835,349.526,340.650,7.385,0.507,75.174,80.537,354.009,35.419,14.947,347.069,258.255,4.077,315.823,9.492,17.094,31.648,16.996,331.296,11.549,331.310,1.736,8.491,355.270,356.735,9.284,351.306,19.514,40.791,16.356
103.481,87.645,90.632,83.169,9.344,354.493,11.460,4.634,4.050,11.460,4.634,4.050,349.637,358.443,9.311,39.462,34.706,293.761,336.730,332.845,336.718,14.972,4.401,92.516,4.680,359.701,354.449,4.680,359.701,354.448,3.256,355.593,342.758,5.961,357.873,70.600,84.889,351.048,35.499,21.339,347.231,261.164,2.886,318.220,12.590,17.121,3.425,14.249,324.275,20.843,322.438,3.003,1.782,354.049,350.227,22.803,340.517,7.182,33.054,8.025
105.196,82.301,82.981,81.670,8.474,354.529,10.773,5.527,3.810,10.773,5.527,3.810,346.888,5.207,6.076,42.178,28.881,291.912,332.509,328.975,340.734,15.763,3.936,99.685,5.764,0.519,354.280,5.764,0.519,354.280,5.015,359.941,344.113,9.435,354.295,70.438,79.945,350.361,36.322,17.729,347.206,261.576,2.014,320.299,12.613,20.314,358.091,14.012,323.876,23.326,315.085,2.987,357.490,353.216,341.423,31.724,330.333,0.860,25.501,1.382
106.087,83.493,77.649,80.783,5.504,354.060,9.834,6.702,3.955,9.834,6.702,3.955,347.433,5.340,5.470,42.380,25.333,294.047,330.336,326.776,341.875,9.272,356.673,106.581,7.157,1.311,354.609,7.157,1.311,354.609,4.948,2.642,345.782,11.453,354.417,72.508,77.189,357.295,32.719,12.416,345.317,265.712,3.060,323.272,11.273,20.984,0.936,14.575,320.232,24.121,312.523,1.807,356.764,354.422,331.111,35.970,316.895,356.326,17.800,356.763
104.090,90.974,76.321,82.133,2.165,353.811,7.108,7.030,3.339,7.108,7.030,3.339,351.780,358.367,10.256,45.431,24.635,299.836,326.671,327.952,334.627,3.699,359.145,114.990,9.300,1.369,356.852,9.300,1.369,356.852,3.978,4.578,344.911,8.418,357.591,78.246,72.242,7.179,33.267,1.147,342.323,268.737,9.407,330.547,4.400,5.391,17.441,9.061,339.821,1.908,346.930,4.099,350.143,357.289,314.645,42.668,298.565,356.498,12.868,354.685
92.679,93.968,78.605,87.380,357.961,353.881,4.252,8.747,3.489,4.252,8.747,3.489,352.782,352.765,14.917,38.403,23.142,296.607,326.907,326.527,332.237,359.889,2.726,115.319,9.016,0.823,356.828,9.016,0.823,356.828,358.885,2.209,335.947,8.162,2.388,89.488,57.149,9.768,31.497,6.251,346.944,270.017,15.127,337.062,0.903,348.876,24.153,4.654,347.884,356.248,350.736,5.157,345.101,0.634,300.314,45.223,284.322,2.200,6.588,355.294
73.098,94.252,87.135,93.758,358.241,357.579,355.434,11.349,3.506,355.434,11.349,3.506,3.682,342.520,11.407,32.082,22.265,290.910,318.154,328.255,328.004,354.620,5.643,110.304,13.308,359.754,352.488,13.308,359.754,352.488,2.643,353.537,324.641,8.683,11.691,94.666,51.621,12.250,30.634,5.271,343.402,271.464,0.574,338.889,358.699,2.274,36.260,3.986,343.180,350.393,351.682,3.093,333.927,1.134,304.862,49.717,289.946,3.969,8.232,356.049
77.531,96.565,85.659,93.744,357.613,358.061,356.499,11.673,2.361,356.499,11.673,2.361,359.830,343.374,13.476,27.423,16.203,286.458,316.441,327.892,321.041,356.175,14.576,109.104,11.850,0.083,353.295,11.850,0.083,353.295,358.426,354.468,329.329,6.713,13.773,89.970,50.224,12.826,27.603,5.976,344.494,274.347,4.861,348.400,357.426,3.347,32.282,4.276,337.703,359.844,344.503,0.254,329.420,6.832,319.730,46.824,302.770,7.861,7.328,1.598
92.988,97.648,83.523,94.799,359.730,358.112,356.616,9.370,1.538,356.616,9.370,1.538,355.315,345.115,15.045,18.188,11.017,283.462,308.508,328.387,318.979,3.910,16.563,107.881,10.945,2.508,354.945,10.945,2.508,354.945,354.585,356.792,333.936,5.402,16.245,84.818,52.284,12.125,26.797,4.817,343.678,275.252,8.945,356.667,0.448,4.191,26.118,3.237,326.417,6.247,335.059,359.982,327.527,9.343,338.729,32.663,325.886,8.428,16.931,1.773
106.540,95.210,79.022,96.263,2.755,357.716,355.761,7.273,0.925,355.761,7.273,0.925,350.572,342.537,15.836,9.052,11.748,283.950,294.448,329.026,321.043,14.935,27.574,99.048,11.424,4.025,356.410,11.424,4.025,356.410,356.678,356.575,341.682,350.842,22.668,72.318,57.964,10.074,31.529,4.072,340.999,275.889,12.150,2.858,359.457,8.277,18.797,10.284,309.659,11.269,308.143,5.854,325.773,6.025,344.342,14.245,342.567,16.024,25.864,12.006
115.616,94.528,78.974,99.412,5.712,357.397,353.635,4.851,0.430,353.635,4.851,0.430,347.545,345.947,16.754,2.645,10.071,287.011,282.962,326.522,321.516,18.097,24.297,101.889,12.500,3.997,357.954,12.500,3.997,357.954,0.469,358.895,347.085,339.215,23.250,63.826,61.577,6.065,31.488,1.580,342.401,278.985,15.858,4.314,2.649,358.625,19.860,6.597,322.311,14.732,314.469,8.716,325.702,1.738,342.577,1.629,354.338,19.307,36.733,16.385
123.070,92.259,83.660,101.706,7.343,358.705,352.854,4.841,359.260,352.854,4.841,359.260,340.281,349.800,16.769,7.775,5.892,292.503,281.119,322.186,318.421,18.264,23.632,98.584,12.540,2.631,358.510,12.540,2.631,358.510,2.069,0.646,350.173,329.060,17.762,59.562,65.566,5.154,33.043,0.711,342.804,277.704,13.003,2.287,2.921,8.701,32.533,11.003,328.732,12.279,323.049,4.558,326.728,1.991,346.992,357.694,357.212,19.355,39.428,16.826
137.508,91.575,84.368,102.952,5.479,1.300,352.596,4.267,358.044,352.596,4.267,358.044,340.691,351.852,13.114,12.504,4.355,290.993,289.573,323.223,310.533,20.727,25.141,100.865,12.747,3.704,358.886,12.747,3.704,358.886,3.848,2.954,348.454,325.016,14.239,59.750,69.517,1.505,29.198,357.108,343.916,276.455,17.027,2.134,3.072,21.301,45.840,24.285,329.060,14.672,329.867,359.665,332.660,5.280,352.449,2.280,350.878,19.051,42.851,15.209
139.766,93.851,83.806,103.764,3.389,2.079,353.809,4.581,357.982,353.809,4.581,357.982,344.011,350.057,12.557,8.256,9.667,286.265,289.781,328.434,315.660,20.271,23.884,104.918,11.438,3.679,359.074,11.438,3.679,359.074,2.311,1.927,346.621,325.410,13.236,60.311,71.712,358.250,26.927,359.873,342.631,269.936,21.088,358.776,3.658,26.915,57.490,35.242,330.302,12.769,331.108,2.666,336.128,4.510,356.474,14.168,348.953,13.686,15.081,7.643
138.828,94.176,84.806,104.857,0.254,4.333,354.626,5.354,357.092,354.626,5.354,357.092,346.152,351.973,14.454,4.243,14.258,279.820,292.877,332.813,321.827,18.055,21.364,108.648,10.425,1.990,358.942,10.425,1.990,358.942,358.231,359.210,336.433,334.695,13.034,71.706,68.917,356.273,23.876,1.902,342.714,265.136,19.735,356.335,3.424,36.047,67.148,46.052,331.162,9.625,331.995,4.316,341.738,3.889,359.708,21.252,345.968,4.058,0.946,6.394
131.911,95.480,88.087,103.498,357.048,359.718,352.973,7.446,2.484,352.973,7.446,2.484,1.424,346.979,11.654,1.661,22.984,271.773,310.900,337.106,319.195,22.821,20.501,121.507,12.901,2.472,354.774,12.901,2.472,354.774,1.567,354.185,325.612,340.114,8.808,78.646,68.939,355.971,26.721,1.585,344.669,259.871,14.653,345.172,7.134,59.933,76.240,67.680,331.287,7.082,334.239,12.216,347.988,8.897,350.228,24.427,342.900,3.572,354.700,6.713
128.706,98.430,86.892,101.453,358.802,359.369,355.764,8.885,2.552,355.764,8.885,2.552,0.401,343.765,10.221,10.079,27.102,274.227,320.415,349.922,325.830,35.078,16.604,116.191,11.393,359.916,354.276,11.393,359.916,354.276,3.116,351.781,328.812,343.927,1.083,82.473,67.677,356.986,26.206,5.685,344.865,259.615,13.783,332.193,5.149,44.747,79.218,51.307,333.676,3.909,335.995,18.157,355.799,6.884,346.153,18.551,346.269,7.573,4.352,6.005
140.529,99.728,80.735,101.259,0.378,358.421,358.679,7.942,2.699,358.679,7.942,2.699,356.301,343.924,11.061,11.692,31.798,274.371,330.415,353.425,333.255,29.637,14.434,99.570,9.102,0.201,355.137,9.102,0.201,355.137,359.250,351.232,331.621,354.131,358.046,83.196,68.015,355.102,24.680,7.247,345.598,260.232,10.966,326.006,4.848,16.450,66.264,21.736,337.305,4.285,333.424,13.270,3.719,5.183,347.547,10.062,349.640,14.693,18.528,5.703
157.339,99.559,67.846,95.029,5.422,355.564,4.858,4.927,3.389,4.858,4.927,3.389,351.063,347.518,10.197,14.811,36.270,277.737,334.276,345.633,335.313,29.851,10.925,89.891,6.432,1.437,355.778,6.432,1.437,355.778,358.710,350.507,338.274,3.881,356.102,78.459,71.633,355.796,27.280,8.721,346.391,261.538,9.979,319.177,5.138,17.764,44.303,21.003,335.041,6.327,330.704,4.008,8.219,357.447,352.822,359.853,355.909,31.154,48.779,22.440
165.395,95.371,59.521,88.533,8.349,354.275,8.521,2.631,3.646,8.521,2.631,3.646,350.439,353.919,7.792,24.518,37.444,283.661,333.900,342.056,333.862,25.949,11.706,84.851,6.211,1.615,355.758,6.211,1.615,355.758,2.018,352.320,341.717,6.211,356.550,73.482,75.573,354.640,31.648,9.989,347.588,262.731,7.863,317.683,8.252,17.075,20.066,17.299,331.816,15.784,320.340,1.742,5.083,354.205,356.895,5.323,352.931,30.627,46.732,19.295
168.993,92.601,51.461,83.267,10.204,354.121,11.890,1.931,2.959,11.890,1.931,2.959,346.632,4.333,5.796,32.137,30.447,283.876,334.748,337.616,331.900,20.947,4.443,80.700,5.628,0.373,355.599,5.628,0.373,355.599,3.085,354.543,344.327,8.247,354.720,70.019,77.597,351.807,37.620,15.361,348.795,266.147,10.557,320.367,6.939,18.099,2.192,15.041,327.144,17.626,315.738,3.352,359.836,351.223,357.778,14.124,348.924,16.861,41.580,10.165
171.546,87.544,41.345,80.410,9.871,354.172,12.942,2.597,2.399,12.942,2.597,2.399,343.903,7.774,3.335,38.081,26.802,285.322,334.672,333.674,331.675,18.785,3.051,84.459,5.890,359.769,355.772,5.889,359.769,355.772,2.834,359.271,347.968,11.879,349.790,68.659,76.428,351.238,38.389,16.010,350.865,267.611,12.428,322.806,6.385,17.175,353.465,13.632,324.795,21.282,313.122,5.367,357.623,350.281,347.681,22.669,338.515,5.377,33.737,0.507
176.712,85.155,34.277,78.486,6.125,352.904,10.639,4.015,3.524,10.639,4.015,3.524,349.686,4.397,1.645,42.356,25.462,290.850,329.813,335.975,332.505,18.561,5.739,95.033,9.248,0.153,355.539,9.248,0.153,355.539,5.970,3.251,347.155,13.544,348.878,73.838,77.974,356.263,36.357,11.100,348.128,267.796,12.725,325.960,5.921,16.007,357.536,15.201,324.336,23.829,314.070,4.393,358.053,352.280,340.612,29.072,326.609,359.122,25.414,353.812
176.684,89.809,31.016,79.905,3.199,351.691,9.119,4.534,4.202,9.119,4.534,4.202,353.353,1.192,4.613,41.591,25.526,292.518,327.981,337.105,331.247,12.848,5.013,104.664,10.297,0.540,356.471,10.297,0.540,356.471,4.151,3.416,345.952,12.037,350.794,78.649,74.837,0.529,36.376,13.314,348.397,267.244,12.098,329.314,6.825,12.434,7.373,11.638,328.652,15.229,335.389,5.554,355.424,354.840,330.219,35.826,314.931,356.041,22.561,351.912
173.551,92.827,30.676,87.485,359.329,350.926,4.843,5.713,4.647,4.843,5.713,4.647,354.042,359.787,10.623,35.635,22.900,288.534,327.870,330.597,326.031,9.296,7.026,113.300,10.533,358.950,357.651,10.533,358.950,357.651,359.478,2.483,337.074,7.508,355.710,90.533,67.884,3.638,40.713,16.938,349.648,266.308,14.922,332.229,2.135,351.147,23.906,7.207,347.598,358.518,350.133,5.826,351.771,358.024,310.633,41.190,295.237,1.251,18.974,354.729
165.538,92.759,34.949,92.412,359.392,356.019,0.985,6.453,4.347,0.985,6.453,4.347,356.492,345.852,9.683,30.891,29.740,289.524,324.631,331.051,326.488,6.343,5.630,109.362,11.136,359.146,354.725,11.136,359.146,354.725,353.537,357.459,323.357,12.491,359.494,100.195,59.984,7.804,35.709,16.316,349.410,270.560,4.377,332.180,359.011,0.835,36.434,6.215,345.925,350.146,352.980,5.121,345.865,358.217,302.635,42.469,285.312,6.246,11.605,356.346
166.078,93.140,35.850,93.657,358.683,356.466,359.432,8.935,3.230,359.432,8.935,3.230,356.184,343.586,10.775,27.612,21.655,284.398,321.480,330.441,323.028,2.158,12.617,110.158,11.746,356.590,354.256,11.746,356.590,354.256,355.709,355.130,327.083,10.308,5.047,96.184,61.459,9.179,34.382,15.646,348.272,271.789,6.392,338.720,357.227,1.624,34.793,6.732,342.700,351.139,351.209,6.670,335.103,0.036,303.291,48.743,286.657,6.774,12.185,356.005
177.772,97.258,32.508,93.170,358.701,356.841,0.874,8.199,2.691,0.874,8.199,2.691,351.599,345.233,12.441,22.586,17.572,280.778,319.819,328.669,319.394,2.610,17.689,109.318,10.116,357.403,354.719,10.116,357.403,354.719,351.197,356.304,330.675,9.703,8.217,91.078,61.207,8.610,34.892,15.060,344.824,271.911,10.237,349.441,358.033,1.033,27.040,5.127,337.741,358.744,344.587,3.864,331.663,4.184,318.369,47.082,300.904,8.452,13.954,358.116
190.573,97.855,28.175,95.026,1.551,356.564,357.989,6.426,2.233,357.989,6.426,2.233,352.670,345.742,14.261,12.278,12.709,275.702,309.749,329.152,320.098,9.677,21.206,104.449,12.035,358.930,355.699,12.035,358.930,355.699,355.911,355.921,334.979,4.049,15.885,83.983,61.807,6.075,36.832,15.810,343.699,272.712,9.182,354.319,358.750,8.141,21.634,7.764,325.471,4.059,329.854,3.114,330.021,8.106,338.589,30.948,328.248,10.661,19.086,1.034
198.925,96.799,25.375,96.717,3.184,356.141,356.654,5.054,1.867,356.654,5.054,1.867,349.617,344.787,15.489,8.802,13.104,275.928,302.768,328.740,320.859,14.623,23.914,103.311,12.818,0.179,356.886,12.818,0.179,356.886,359.698,356.497,341.569,354.699,20.401,75.098,64.095,5.845,38.848,15.044,342.173,271.818,10.482,359.647,358.932,7.707,16.477,9.656,322.896,4.597,317.099,7.018,329.910,5.851,341.743,17.547,341.042,13.479,26.930,6.361
205.912,97.447,27.489,99.991,5.147,356.259,356.038,3.543,0.783,356.038,3.543,0.783,344.308,347.887,17.090,7.433,10.952,278.305,294.564,328.514,319.663,17.940,22.192,104.368,12.155,359.641,359.162,12.155,359.641,359.162,359.897,359.140,347.377,346.536,21.395,68.459,67.104,5.150,38.822,13.616,341.478,273.278,13.029,0.497,0.635,0.081,18.138,7.617,333.071,9.523,320.425,6.744,329.853,3.155,342.571,4.182,353.428,21.575,37.608,15.044
217.896,92.897,31.202,102.760,7.146,357.831,354.650,3.085,359.733,354.650,3.085,359.733,341.500,351.661,13.665,9.726,3.856,287.652,294.594,323.303,316.683,20.306,23.153,101.608,12.457,358.630,359.685,12.457,358.630,359.685,2.775,2.742,349.376,338.549,17.931,64.858,70.259,4.574,39.457,11.813,342.679,272.863,13.217,359.239,2.678,12.960,29.272,12.535,331.063,6.571,326.378,0.156,331.627,4.703,351.061,355.910,358.677,21.013,41.621,17.247
226.516,91.627,32.354,103.813,6.257,359.645,355.128,2.887,358.946,355.128,2.887,358.946,342.399,350.694,11.465,10.684,2.469,289.462,301.062,322.353,312.849,21.850,25.103,104.697,11.642,359.303,359.505,11.642,359.303,359.505,2.047,3.777,348.031,335.698,16.646,64.129,71.471,4.177,39.623,10.262,344.601,273.890,18.113,0.202,3.109,19.071,36.490,19.406,333.344,8.202,332.205,0.284,332.612,5.540,351.959,357.838,355.281,18.761,44.786,14.912
233.512,94.354,33.134,105.187,3.896,1.922,355.931,3.181,358.030,355.931,3.181,358.030,342.742,350.302,11.804,11.614,5.001,286.115,301.050,326.538,315.866,20.864,24.572,107.122,10.274,0.238,359.502,10.274,0.238,359.502,0.476,2.494,346.524,334.266,17.083,62.397,73.780,2.888,38.957,8.743,345.083,274.491,21.610,0.635,2.648,21.500,44.663,25.880,337.784,7.612,336.635,0.965,335.117,4.238,351.595,4.751,351.223,24.897,33.618,8.710
236.348,94.440,35.329,106.765,0.116,4.229,355.782,4.085,357.744,355.782,4.085,357.744,346.834,351.153,13.440,9.110,9.130,281.274,301.402,329.958,322.643,20.815,18.313,112.494,10.257,359.450,358.846,10.257,359.450,358.846,1.385,1.380,335.052,339.565,19.147,70.313,72.726,358.839,36.227,8.968,343.808,272.629,18.347,357.213,3.463,32.402,59.106,37.541,341.884,4.746,340.783,3.074,339.029,4.034,358.845,21.780,346.879,5.917,3.561,5.014
233.172,94.661,38.830,105.678,354.281,0.542,355.809,7.687,1.501,355.809,7.687,1.501,355.727,346.735,13.348,7.457,17.372,276.903,311.202,330.484,319.967,18.591,19.821,118.518,11.450,359.049,356.288,11.450,359.049,356.288,359.644,357.039,325.903,349.328,16.057,77.634,70.913,357.026,33.470,8.294,344.773,269.601,16.537,354.617,7.785,38.197,65.902,44.254,342.209,1.518,344.204,5.925,345.924,10.517,354.212,25.325,342.266,4.301,357.510,5.288
220.807,95.278,41.491,104.382,355.919,359.419,356.817,9.335,2.905,356.817,9.335,2.905,357.810,344.491,9.631,15.310,19.267,278.389,320.526,337.581,320.867,17.465,17.320,117.505,11.639,356.682,354.621,11.639,356.682,354.621,2.498,354.604,326.601,351.863,7.222,80.595,69.389,358.440,28.996,10.633,346.210,266.613,13.135,338.811,6.078,34.564,70.359,40.323,343.980,359.821,344.714,14.816,347.995,7.340,345.875,25.308,344.099,6.000,356.774,5.702
229.849,97.728,37.554,106.136,356.715,358.072,358.026,8.070,3.185,358.026,8.070,3.185,356.485,345.203,10.276,16.991,24.447,278.841,327.255,340.734,324.636,17.576,9.849,106.222,9.907,357.728,355.523,9.907,357.728,355.523,0.145,355.435,329.297,356.970,3.983,81.789,69.350,356.969,28.027,13.264,345.389,264.266,10.480,332.122,6.659,20.071,65.024,26.658,344.185,358.825,343.210,11.362,355.353,8.212,347.454,18.715,345.656,8.627,3.360,5.361
237.148,99.476,31.120,104.980,358.588,356.995,0.463,7.130,3.470,0.463,7.130,3.470,354.919,345.385,9.937,17.477,27.454,280.424,330.524,339.326,325.964,16.063,7.717,100.330,8.409,358.122,356.076,8.409,358.122,356.076,359.968,353.832,331.785,0.742,1.335,81.073,71.579,356.371,30.269,14.202,346.140,264.316,8.534,327.858,6.535,13.445,45.999,19.077,342.668,0.615,339.923,7.364,359.552,5.527,351.502,13.884,349.445,12.152,14.919,4.575
248.967,99.984,19.583,100.103,1.866,355.860,4.711,4.468,3.607,4.711,4.468,3.607,351.755,349.841,9.459,24.102,29.959,283.891,329.997,338.080,326.298,9.687,7.638,98.035,6.845,359.522,356.645,6.845,359.522,356.645,0.739,354.557,336.779,3.260,2.128,75.885,78.537,357.967,29.085,11.581,349.277,268.053,7.371,325.746,6.764,13.420,21.235,16.175,336.824,10.389,329.101,2.477,359.826,2.182,351.164,13.498,348.601,19.193,33.553,11.448
252.371,98.095,13.554,96.732,3.486,355.267,7.007,3.684,3.510,7.007,3.684,3.510,350.596,354.831,8.804,28.318,26.489,285.374,328.767,337.475,325.132,1.407,7.381,105.449,6.542,359.025,356.938,6.542,359.025,356.938,4.321,355.267,341.362,0.984,3.457,69.454,83.160,357.803,27.704,10.953,348.663,269.296,12.171,328.105,5.157,10.768,4.613,13.266,328.558,15.099,321.045,0.830,355.475,0.674,349.582,19.916,345.449,14.443,31.186,8.245
252.757,94.035,5.020,94.471,3.241,355.132,7.868,4.164,3.217,7.868,4.164,3.217,349.590,359.355,7.964,29.568,21.195,285.226,324.292,336.505,327.145,2.631,8.113,111.283,7.094,358.451,357.111,7.094,358.451,357.111,5.805,357.754,344.139,358.288,0.204,65.688,82.297,353.703,27.481,11.306,348.216,267.525,16.865,331.320,3.769,9.193,355.442,11.528,324.511,22.246,318.319,359.607,350.583,0.130,344.186,27.895,337.676,6.593,25.053,2.188
248.617,91.942,2.356,93.817,0.107,354.835,7.498,6.297,2.769,7.498,6.297,2.769,348.242,0.407,5.820,27.716,13.003,289.439,323.019,333.153,328.944,1.790,7.218,115.117,8.235,358.370,357.661,8.235,358.370,357.661,1.244,359.548,348.195,0.406,354.469,65.323,79.551,355.930,23.773,8.970,347.856,261.008,17.075,335.343,1.338,11.209,357.914,14.661,312.563,28.793,315.622,0.990,347.544,1.623,336.599,33.550,329.194,4.783,18.550,359.744
242.267,92.927,2.506,95.199,358.118,354.871,5.606,6.936,2.304,5.606,6.936,2.304,348.819,357.278,7.630,27.786,12.419,292.183,320.005,332.359,326.300,359.419,12.370,120.919,9.540,358.368,358.543,9.539,358.368,358.543,0.067,359.386,348.880,357.582,353.539,66.202,76.516,357.792,22.343,7.094,349.597,263.022,15.664,338.133,1.400,8.949,8.416,12.096,329.308,13.937,336.524,1.765,344.264,2.778,332.117,36.247,323.702,3.633,11.567,359.209
231.071,93.066,5.296,99.253,355.783,354.999,2.128,7.715,1.500,2.128,7.715,1.500,349.526,352.413,11.615,27.141,12.097,293.983,320.791,332.127,322.806,359.245,19.717,126.210,10.698,357.983,359.410,10.698,357.983,359.410,359.247,358.896,340.618,354.576,354.921,75.818,74.175,358.141,24.285,6.487,352.147,261.621,11.528,340.304,1.026,358.881,18.984,9.571,343.187,2.467,344.913,3.869,338.889,3.322,325.838,38.659,318.948,3.868,7.148,359.597
220.890,93.680,11.296,102.898,352.167,356.295,358.984,9.334,1.326,358.984,9.334,1.326,351.757,345.306,17.830,22.469,16.785,288.711,315.024,333.297,322.983,3.015,22.823,130.628,11.715,358.501,358.520,11.715,358.501,358.520,356.434,356.805,329.059,354.170,357.890,85.063,72.841,358.912,26.700,5.524,352.710,258.570,10.079,342.009,358.849,356.422,27.548,7.903,346.093,356.289,349.159,2.329,338.826,5.673,330.269,33.616,321.549,3.726,9.206,0.293
216.140,93.868,16.028,104.624,352.199,357.880,354.137,11.394,1.598,354.137,11.394,1.598,357.646,341.447,13.997,20.326,11.833,286.190,311.750,332.283,324.333,1.207,32.785,130.626,15.115,357.019,355.207,15.115,357.019,355.207,1.473,352.726,325.186,352.490,0.861,83.331,73.503,0.457,26.117,4.453,353.759,258.789,10.854,345.890,358.310,359.177,30.777,7.581,341.559,353.037,348.998,1.252,335.778,5.947,338.057,25.580,329.962,8.635,10.090,6.687
225.876,96.026,10.636,104.407,352.580,358.303,356.105,10.296,0.601,356.105,10.296,0.601,352.350,345.240,16.152,17.557,7.988,284.433,308.174,332.422,324.953,4.031,35.258,132.864,13.217,357.909,356.145,13.217,357.909,356.145,356.821,354.959,329.613,351.645,1.991,81.171,73.573,1.975,25.111,1.608,354.634,258.765,11.548,350.651,358.634,1.674,31.338,7.615,337.337,357.256,344.590,3.436,335.743,5.910,343.207,16.469,338.976,11.568,17.693,9.292
236.097,96.233,4.004,103.189,353.743,358.372,358.019,9.426,0.991,358.019,9.426,0.991,349.040,345.164,16.121,12.157,7.597,282.252,303.643,332.866,328.742,4.619,38.397,129.892,12.249,359.291,356.072,12.249,359.291,356.072,356.683,353.759,333.290,347.349,5.362,75.711,72.981,2.671,26.362,0.914,355.666,259.393,15.545,350.845,358.784,4.491,36.742,9.803,329.286,6.688,336.311,2.131,337.432,7.664,355.864,5.735,350.869,18.402,31.357,16.888
241.284,94.062,2.068,102.384,354.038,358.245,358.737,8.786,0.954,358.737,8.786,0.954,346.715,345.096,16.417,12.203,9.694,281.783,298.980,333.582,329.930,7.118,40.527,129.894,12.594,0.220,356.631,12.594,0.220,356.631,357.932,353.818,336.438,346.256,6.794,71.634,73.736,2.760,25.228,0.538,356.713,259.760,18.723,346.901,1.609,8.755,47.179,12.643,317.281,13.209,324.921,1.945,338.745,8.637,0.307,3.781,353.729,24.646,36.479,20.042
246.090,91.884,2.089,102.788,353.563,358.447,358.898,9.272,0.494,358.898,9.272,0.494,344.645,345.536,16.865,13.772,10.526,282.426,295.795,334.467,331.701,6.572,42.768,129.432,12.798,359.545,357.213,12.798,359.545,357.213,358.960,353.356,339.638,346.844,7.206,68.990,75.840,3.107,21.499,359.767,356.307,259.963,20.865,344.351,2.223,7.202,53.754,12.761,329.580,14.673,329.407,2.677,341.173,8.833,359.035,5.496,353.041,22.838,41.721,14.247
246.479,93.578,8.603,104.057,352.258,359.396,358.492,9.819,359.623,358.492,9.819,359.623,343.732,346.267,15.467,15.063,10.010,285.886,295.270,334.029,333.588,9.851,43.336,134.403,12.942,359.406,357.729,12.942,359.406,357.729,1.040,355.303,341.483,346.556,4.705,68.138,76.190,2.650,18.784,0.402,356.696,258.173,22.156,340.165,2.018,12.165,60.366,19.687,336.696,14.710,335.722,4.671,343.905,7.272,356.285,10.530,350.975,21.203,31.072,8.873
243.158,95.065,17.380,106.390,350.422,1.455,358.459,10.177,358.554,358.459,10.177,358.554,344.495,346.217,13.811,14.992,7.750,289.061,301.154,333.721,334.650,13.776,40.341,139.217,12.257,359.008,358.048,12.257,359.008,358.048,359.955,357.624,337.509,346.135,1.109,72.867,77.087,1.542,19.868,358.454,356.984,256.177,21.558,335.771,1.392,20.266,61.111,28.098,338.264,10.055,342.385,3.342,349.257,6.442,3.181,18.457,349.247,9.208,9.454,6.739
234.718,93.990,25.845,108.070,346.756,3.168,358.128,11.564,358.267,358.128,11.564,358.267,348.253,346.792,16.455,18.102,7.239,284.845,308.628,335.716,328.195,15.402,38.455,142.776,11.906,359.174,357.404,11.906,359.174,357.404,357.133,355.955,328.199,349.027,359.276,82.373,74.300,2.519,21.617,357.641,357.823,255.579,21.356,334.123,359.491,19.027,59.049,28.653,339.694,7.210,342.433,5.529,352.664,7.716,357.695,23.406,343.860,7.018,2.168,6.470
220.163,93.747,35.063,106.951,346.604,2.319,358.322,13.769,0.750,358.322,13.769,0.750,355.075,339.682,12.774,18.192,10.368,285.197,314.201,337.189,323.403,14.012,35.052,143.782,12.179,357.330,354.508,12.179,357.330,354.508,358.641,350.737,322.066,350.149,357.733,85.616,75.602,4.028,24.628,355.254,358.373,254.536,20.787,330.143,358.654,13.105,49.594,23.475,343.920,3.017,342.174,10.584,351.965,8.151,347.760,30.246,339.523,8.729,357.407,7.017
210.585,95.405,41.382,106.607,347.102,2.169,359.329,13.288,0.963,359.329,13.288,0.963,354.305,342.068,12.237,17.472,11.580,285.478,312.809,337.810,325.508,12.728,34.492,143.195,11.903,357.491,354.682,11.903,357.491,354.682,359.365,354.038,323.247,353.924,355.180,84.661,75.234,4.562,20.632,356.009,359.000,254.444,20.341,330.168,358.429,7.692,32.709,18.072,341.443,9.734,337.221,8.388,354.601,7.565,347.807,30.548,338.565,10.392,0.332,7.208
216.279,96.482,35.777,107.578,348.027,1.536,359.700,12.499,0.934,359.700,12.499,0.934,354.495,342.680,12.784,15.202,13.697,284.729,311.886,338.363,328.460,10.010,34.148,141.930,11.619,358.232,355.294,11.619,358.232,355.294,359.183,354.363,325.057,357.938,354.625,83.622,75.117,5.512,19.230,355.799,358.792,254.341,18.306,331.439,359.254,7.230,18.869,14.722,335.078,16.411,328.892,1.214,356.251,6.644,349.736,31.428,337.059,13.456,7.017,6.188
222.909,96.456,27.135,108.306,349.492,1.125,0.986,11.236,1.002,0.986,11.236,1.002,351.497,343.478,13.485,16.079,15.378,284.725,311.245,338.154,329.400,7.244,33.451,141.119,10.538,359.452,356.051,10.538,359.452,356.051,358.332,354.440,328.116,359.251,354.674,81.583,76.629,6.334,20.622,354.768,0.112,255.810,20.329,333.989,357.955,6.119,7.131,12.033,327.927,22.502,316.834,355.382,353.348,4.030,345.214,35.680,332.590,19.386,20.144,3.535
228.370,93.943,20.198,108.050,351.078,0.786,1.981,9.899,1.054,1.981,9.899,1.054,349.697,344.467,13.646,19.593,14.902,285.684,310.473,338.018,329.534,6.730,34.330,140.349,10.428,0.287,356.681,10.428,0.287,356.681,0.111,353.602,333.543,0.925,355.114,76.850,78.078,7.239,19.251,353.467,0.571,257.347,26.782,340.159,354.735,8.584,0.066,12.163,311.863,29.972,309.862,355.263,347.078,3.047,333.832,40.346,321.991,29.353,35.701,5.064
229.430,89.038,16.081,107.779,350.760,0.026,1.735,9.769,1.484,1.735,9.769,1.484,350.827,345.147,12.775,19.631,12.940,286.330,309.782,337.041,331.009,5.064,35.201,140.256,11.788,359.832,357.016,11.788,359.832,357.016,3.998,353.610,336.182,0.852,355.868,72.896,81.175,6.343,17.430,353.362,359.422,257.098,24.804,342.254,356.370,5.553,4.491,9.014,317.931,24.066,330.043,357.904,341.682,3.550,325.698,47.939,313.014,18.898,33.909,3.910
222.923,89.659,15.437,108.176,349.167,359.360,1.202,10.610,1.823,1.202,10.610,1.823,351.806,345.998,11.586,18.255,7.853,287.523,310.777,335.011,332.817,6.704,36.743,141.992,12.939,359.052,357.166,12.939,359.052,357.166,5.355,355.608,333.402,1.415,352.326,73.881,81.009,4.613,15.866,354.665,357.815,255.065,20.410,343.822,357.876,353.844,8.681,8.038,336.370,16.577,339.196,359.864,338.928,4.538,322.246,50.353,309.945,7.187,27.477,357.577
208.558,89.807,18.421,108.676,343.846,1.068,0.953,13.620,0.978,0.953,13.620,0.978,354.265,343.134,14.212,14.213,5.867,284.394,312.581,333.831,332.438,13.198,37.391,147.212,13.741,358.247,356.795,13.741,358.247,356.795,0.075,353.237,324.925,3.583,347.643,83.274,79.180,4.047,18.924,355.141,357.897,253.083,12.666,345.513,357.640,2.300,18.115,9.679,337.883,10.729,343.833,1.575,338.994,6.212,323.593,44.458,308.138,9.193,20.394,358.290
200.153,88.854,26.173,111.716,343.826,2.653,359.119,15.458,0.450,359.119,15.458,0.450,354.082,337.138,14.097,16.953,5.479,280.665,314.932,336.034,329.307,9.982,37.638,144.725,13.914,356.795,354.958,13.914,356.795,354.958,359.499,347.899,322.858,1.670,346.248,86.313,76.084,5.029,24.684,353.757,359.058,253.991,5.666,341.395,356.140,9.673,26.540,11.547,336.179,7.412,344.096,358.693,338.830,5.638,333.815,39.759,315.347,14.840,18.968,5.670
196.570,90.244,31.974,113.831,344.588,2.081,358.794,15.093,0.121,358.794,15.093,0.121,353.961,340.362,13.648,15.876,1.884,278.511,315.526,336.489,327.180,7.826,39.758,142.442,14.349,356.469,354.741,14.349,356.469,354.741,1.106,350.512,324.365,0.657,345.914,85.234,74.007,4.967,27.364,353.051,359.437,255.751,8.550,341.950,356.472,3.755,28.671,8.815,336.098,6.764,343.541,358.917,339.413,7.023,347.243,30.905,327.714,17.004,23.667,13.951
